1001,429,0.3676954247709635
1001,111,0.3676954247709635
1002,156,0.3673277293461925
1003,192,0.3669604016168464
1004,159,0.3665934412152296
1001,204,0.3676954247709635
1002,159,0.3673277293461925
1003,222,0.3669604016168464
1004,225,0.3665934412152296
1005,66,0.3662268477740143
1006,114,0.3658606209262403
1007,117,0.3654947603053141
1008,288,0.3651292655450087
1009,267,0.3647641362794637
1001,105,0.3676954247709635
1002,183,0.3673277293461925
1003,282,0.3669604016168464
1001,201,0.3676954247709635
1002,348,0.3673277293461925
1001,162,0.3676954247709635
1002,282,0.3673277293461925
1003,192,0.3669604016168464
1004,96,0.3665934412152296
1005,75,0.3662268477740143
1006,291,0.3658606209262403
1007,69,0.3654947603053141
1008,132,0.3651292655450087
1009,66,0.3647641362794637
1010,84,0.3643993721431843
1011,414,0.3640349727710411
1012,69,0.3636709377982701
1013,135,0.3633072668604718
1014,108,0.3629439595936113
1015,270,0.3625810156340177
1016,204,0.3622184346183837
1017,192,0.3618562161837653
1018,267,0.3614943599675815
1019,135,0.361132865607614
1020,219,0.3607717327420063
1021,168,0.3604109610092643
1022,75,0.3600505500482551
1023,246,0.3596904994982068
1024,156,0.3593308089987087
1025,225,0.35897147818971
1026,114,0.3586125067115203
1027,501,0.3582538942048087
1028,204,0.3578956403106039
1029,282,0.3575377446702933
1030,75,0.3571802069256231
1031,720,0.3568230267186975
1032,135,0.3564662036919788
1033,69,0.3561097374882868
1034,69,0.3557536277507985
1035,333,0.3553978741230477
1036,96,0.3550424762489247
1037,282,0.3546874337726758
1038,69,0.3543327463389031
1039,294,0.3539784135925642
1040,255,0.3536244351789717
1041,168,0.3532708107437927
1042,132,0.352917539933049
1043,168,0.3525646223931159
1044,216,0.3522120577707228
1045,156,0.3518598457129521
1046,162,0.3515079858672391
1047,282,0.3511564778813719
1048,192,0.3508053214034905
1049,69,0.350454516082087
1050,201,0.350104061566005
1051,252,0.349753957504439
1052,216,0.3494042035469346
1053,156,0.3490547993433876
1054,159,0.3487057445440442
1055,201,0.3483570387995002
1056,336,0.3480086817607007
1057,135,0.34766067307894
1058,252,0.347313012405861
1059,270,0.3469656993934552
1060,210,0.3466187336940617
1061,69,0.3462721149603676
1062,66,0.3459258428454073
1063,66,0.3455799170025618
1064,75,0.3452343370855593
1065,189,0.3448891027484737
1066,156,0.3445442136457252
1067,228,0.3441996694320795
1068,162,0.3438554697626474
1069,246,0.3435116142928848
1070,168,0.3431681026785919
1071,297,0.3428249345759133
1072,525,0.3424821096413374
1073,171,0.3421396275316961
1074,66,0.3417974879041643
1075,126,0.3414556904162602
1076,237,0.3411142347258439
1077,75,0.3407731204911181
1078,111,0.340432347370627
1079,108,0.3400919150232563
1080,105,0.3397518231082331
1081,66,0.3394120712851248
1082,96,0.3390726592138397
1083,282,0.3387335865546259
1084,192,0.3383948529680712
1085,291,0.3380564581151032
1086,213,0.3377184016569881
1087,291,0.3373806832553311
1088,222,0.3370433025720758
1089,135,0.3367062592695037
1090,75,0.3363695530102342
1091,135,0.336033183457224
1092,147,0.3356971502737668
1093,135,0.335361453123493
1094,258,0.3350260916703695
1095,162,0.3346910655786991
1096,84,0.3343563745131204
1097,156,0.3340220181386073
1098,159,0.3336879961204687
1099,96,0.3333543081243482
1100,75,0.3330209538162239
1101,117,0.3326879328624076
1102,102,0.3323552449295452
1103,144,0.3320228896846157
1104,66,0.3316908667949311
1105,168,0.3313591759281362
1106,192,0.3310278167522081
1107,69,0.3306967889354559
1108,291,0.3303660921465204
1109,189,0.3300357260543739
1110,87,0.3297056903283195
1111,156,0.3293759846379912
1112,282,0.3290466086533532
1113,135,0.3287175620446999
1114,69,0.3283888444826551
1115,216,0.3280604556381725
1116,312,0.3277323951825343
1117,135,0.3274046627873518
1118,168,0.3270772581245644
1119,66,0.3267501808664398
1120,303,0.3264234306855734
1121,228,0.3260970072548879
1122,108,0.325770910247633
1123,156,0.3254451393373853
1124,147,0.3251196941980479
1125,294,0.3247945745038498
1126,192,0.324469779929346
1127,162,0.3241453101494166
1128,213,0.3238211648392672
1129,135,0.323497343674428
1130,69,0.3231738463307536
1131,168,0.3228506724844228
1132,186,0.3225278218119384
1133,126,0.3222052939901265
1134,162,0.3218830886961363
1135,117,0.3215612056074402
1136,168,0.3212396444018328
1137,72,0.3209184047574309
1138,120,0.3205974863526735
1139,168,0.3202768888663208
1140,102,0.3199566119774545
1141,270,0.319636655365477
1142,156,0.3193170187101115
1143,156,0.3189977016914014
1144,246,0.31867870398971
1145,135,0.3183600252857202
1146,165,0.3180416652604345
1147,147,0.3177236235951741
1148,282,0.3174058999715789
1149,75,0.3170884940716073
1150,192,0.3167714055775357
1151,213,0.3164546341719582
1152,114,0.3161381795377863
1153,234,0.3158220413582485
1154,144,0.3155062193168902
1155,222,0.3151907130975733
1156,321,0.3148755223844758
1157,69,0.3145606468620913
1158,189,0.3142460862152292
1159,249,0.313931840129014
1160,99,0.313617908288885
1161,270,0.3133042903805961
1162,198,0.3129909860902155
1163,282,0.3126779951041253
1164,117,0.3123653171090211
1165,153,0.3120529517919121
1166,105,0.3117408988401202
1167,192,0.31142915794128
1168,240,0.3111177287833387
1169,201,0.3108066110545554
1170,375,0.3104958044435009
1171,282,0.3101853086390574
1172,150,0.3098751233304183
1173,348,0.3095652482070879
1174,207,0.3092556829588808
1175,246,0.308946427275922
1176,291,0.308637480848646
1177,165,0.3083288433677974
1178,75,0.3080205145244296
1179,69,0.3077124940099052
1180,216,0.3074047815158953
1181,69,0.3070973767343793
1182,153,0.3067902793576449
1183,234,0.3064834890782873
1184,96,0.306177005589209
1185,69,0.3058708285836198
1186,282,0.3055649577550361
1187,207,0.3052593927972811
1188,135,0.3049541334044838
1189,156,0.3046491792710794
1190,69,0.3043445300918083
1191,168,0.3040401855617164
1192,120,0.3037361453761547
1193,210,0.3034324092307786
1194,192,0.3031289768215478
1195,324,0.3028258478447262
1196,303,0.3025230219968815
1197,189,0.3022204989748846
1198,150,0.3019182784759097
1199,354,0.3016163601974338
1200,357,0.3013147438372364
1201,204,0.3010134290933992
1202,93,0.3007124156643058
1203,135,0.3004117032486414
1204,192,0.3001112915453928
1205,159,0.2998111802538474
1206,96,0.2995113690735936
1207,165,0.29921185770452
1208,189,0.2989126458468155
1209,69,0.2986137332009687
1210,123,0.2983151194677677
1211,165,0.2980168043482999
1212,186,0.2977187875439516
1213,135,0.2974210687564076
1214,168,0.2971236476876512
1215,69,0.2968265240399636
1216,165,0.2965296975159237
1217,69,0.2962331678184077
1218,135,0.2959369346505893
1219,75,0.2956409977159387
1220,135,0.2953453567182228
1221,270,0.2950500113615046
1222,336,0.2947549613501431
1223,147,0.294460206388793
1224,135,0.2941657461824042
1225,192,0.2938715804362218
1226,414,0.2935777088557856
1227,69,0.2932841311469298
1228,225,0.2929908470157829
1229,222,0.2926978561687671
1230,306,0.2924051583125983
1231,147,0.2921127531542857
1232,192,0.2918206404011315
1233,258,0.2915288197607303
1234,201,0.2912372909409696
1235,135,0.2909460536500286
1236,135,0.2906551075963786
1237,291,0.2903644524887822
1238,180,0.2900740880362934
1239,102,0.2897840139482571
1240,243,0.2894942299343089
1241,204,0.2892047357043746
1242,162,0.2889155309686702
1243,201,0.2886266154377016
1244,348,0.2883379888222638
1245,231,0.2880496508334416
1246,267,0.2877616011826081
1247,258,0.2874738395814255
1248,168,0.2871863657418441
1249,291,0.2868991793761022
1250,144,0.2866122801967262
1251,144,0.2863256679165294
1252,138,0.2860393422486129
1253,162,0.2857533029063643
1254,108,0.2854675496034579
1255,69,0.2851820820538545
1256,234,0.2848968999718006
1257,285,0.2846120030718288
1258,294,0.284327391068757
1259,333,0.2840430636776882
1260,246,0.2837590206140105
1261,69,0.2834752615933965
1262,135,0.2831917863318031
1263,321,0.2829085945454713
1264,81,0.2826256859509258
1265,135,0.2823430602649749
1266,327,0.2820607172047099
1267,405,0.2817786564875052
1268,156,0.2814968778310177
1269,204,0.2812153809531867
1270,246,0.2809341655722335
1271,282,0.2806532314066613
1272,192,0.2803725781752547
1273,69,0.2800922055970794
1274,162,0.2798121133914823
1275,270,0.2795323012780908
1276,159,0.2792527689768127
1277,144,0.2789735162078359
1278,138,0.2786945426916281
1279,201,0.2784158481489364
1280,120,0.2781374323007875
1281,135,0.2778592948684867
1282,69,0.2775814355736182
1283,135,0.2773038541380446
1284,282,0.2770265502839066
1285,288,0.2767495237336227
1286,372,0.2764727742098891
1287,285,0.2761963014356792
1288,141,0.2759201051342435
1289,141,0.2756441850291093
1290,192,0.2753685408440802
1291,147,0.2750931723032361
1292,150,0.2748180791309328
1293,291,0.2745432610518019
1251,69,0.2863256679165294
1252,168,0.2860393422486129
1253,69,0.2857533029063643
1254,318,0.2854675496034579
1255,69,0.2851820820538545
1256,168,0.2848968999718006
1257,162,0.2846120030718288
1258,162,0.284327391068757
1259,69,0.2840430636776882
1260,354,0.2837590206140105
1261,204,0.2834752615933965
1262,135,0.2831917863318031
1263,201,0.2829085945454713
1264,408,0.2826256859509258
1265,411,0.2823430602649749
1266,87,0.2820607172047099
1267,369,0.2817786564875052
1268,141,0.2814968778310177
1269,423,0.2812153809531867
1270,93,0.2809341655722335
1271,291,0.2806532314066613
1272,213,0.2803725781752547
1273,243,0.2800922055970794
1274,141,0.2798121133914823
1275,123,0.2795323012780908
1276,339,0.2792527689768127
1277,282,0.2789735162078359
1278,321,0.2786945426916281
1279,69,0.2784158481489364
1280,69,0.2781374323007875
1281,210,0.2778592948684867
1282,282,0.2775814355736182
1283,159,0.2773038541380446
1284,270,0.2770265502839066
1285,216,0.2767495237336227
1286,108,0.2764727742098891
1287,204,0.2761963014356792
1288,69,0.2759201051342435
1289,117,0.2756441850291093
1290,135,0.2753685408440802
1291,192,0.2750931723032361
1292,309,0.2748180791309328
1293,213,0.2745432610518019
1294,246,0.2742687177907501
1295,213,0.2739944490729594
1296,192,0.2737204546238864
1297,75,0.2734467341692626
1298,426,0.2731732874350933
1299,192,0.2729001141476582
1300,105,0.2726272140335106
1301,168,0.272354586819477
1302,135,0.2720822322326576
1303,339,0.2718101500004249
1304,246,0.2715383398504244
1305,123,0.271266801510574
1306,171,0.2709955347090634
1307,204,0.2707245391743544
1308,231,0.27045381463518
1309,249,0.2701833608205448
1310,231,0.2699131774597243
1311,150,0.2696432642822646
1312,138,0.2693736210179823
1313,159,0.2691042473969643
1314,75,0.2688351431495674
1315,219,0.2685663080064178
1316,183,0.2682977416984114
1317,192,0.268029443956713
1318,117,0.2677614145127563
1319,165,0.2674936530982436
1320,99,0.2672261594451453
1321,132,0.2669589332857002
1322,69,0.2666919743524145
1323,288,0.266425282378062
1324,75,0.266158857095684
1325,75,0.2658926982385883
1326,192,0.2656268055403497
1327,75,0.2653611787348093
1328,291,0.2650958175560745
1329,69,0.2648307217385184
1330,87,0.2645658910167799
1331,339,0.2643013251257632
1332,75,0.2640370238006374
1333,138,0.2637729867768368
1334,189,0.26350921379006
1335,141,0.2632457045762699
1336,75,0.2629824588716937
1337,66,0.262719476412822
1338,141,0.2624567569364092
1339,222,0.2621943001794727
1340,78,0.2619321058792933
1341,111,0.261670173773414
1342,156,0.2614085035996406
1343,153,0.2611470950960409
1344,201,0.2608859480009449
1345,270,0.2606250620529439
1346,135,0.260364436990891
1347,291,0.2601040725539001
1348,189,0.2598439684813462
1349,141,0.2595841245128649
1350,150,0.259324540388352
1351,192,0.2590652158479636
1352,201,0.2588061506321157
1353,147,0.2585473444814836
1354,159,0.2582887971370021
1355,210,0.2580305083398651
1356,192,0.2577724778315252
1357,366,0.2575147053536936
1358,405,0.2572571906483399
1359,141,0.2569999334576916
1360,78,0.2567429335242339
1361,357,0.2564861905907097
1362,273,0.256229704400119
1363,168,0.2559734746957188
1364,696,0.2557175012210231
1365,141,0.2554617837198021
1366,183,0.2552063219360823
1367,279,0.2549511156141462
1369,189,0.2544414683340336
1370,240,0.2541870268656995
1371,267,0.2539328398388338
1372,135,0.253678906998995
1373,282,0.253425228091996
1374,114,0.253171802863904
1375,237,0.2529186310610401
1376,66,0.2526657124299791
1377,135,0.2524130467175491
1378,237,0.2521606336708316
1379,270,0.2519084730371607
1380,168,0.2516565645641235
1381,135,0.2514049079995594
1382,114,0.2511535030915598
1383,141,0.2509023495884683
1384,111,0.2506514472388798
1385,177,0.2504007957916409
1386,195,0.2501503949958493
1387,282,0.2499002446008534
1388,216,0.2496503443562525
1389,285,0.2494006940118963
1390,156,0.2491512933178844
1391,162,0.2489021420245665
1392,135,0.248653239882542
1393,75,0.2484045866426594
1394,159,0.2481561820560168
1395,141,0.2479080258739608
1396,348,0.2476601178480868
1397,189,0.2474124577302387
1398,144,0.2471650452725085
1399,135,0.246917880227236
1400,288,0.2466709623470087
1401,120,0.2464242913846617
1402,144,0.2461778670932771
1403,252,0.2459316892261838
1404,408,0.2456857575369576
1405,525,0.2454400717794207
1406,141,0.2451946317076412
1407,135,0.2449494370759336
1408,198,0.2447044876388577
1409,150,0.2444597831512188
1410,159,0.2442153233680676
1411,216,0.2439711080446995
1412,156,0.2437271369366548
1413,876,0.2434834097997182
1414,204,0.2432399263899185
1415,66,0.2429966864635286
1417,66,0.242510936087288
1418,219,0.2422684251512007
1419,357,0.2420261567260495
1420,159,0.2417841305693234
1421,192,0.2415423464387541
1422,114,0.2413008040923153
1423,384,0.241059503288223
1424,135,0.2408184437849348
1425,237,0.2405776253411499
1426,147,0.2403370477158087
1427,135,0.2400967106680929
1428,66,0.2398566139574248
1429,150,0.2396167573434674
1430,270,0.2393771405861239
1431,282,0.2391377634455378
1432,234,0.2388986256820923
1433,162,0.2386597270564102
1434,471,0.2384210673293537
1435,237,0.2381826462620244
1436,288,0.2379444636157624
1437,141,0.2377065191521466
1438,165,0.2374688126329945
1439,192,0.2372313438203614
1440,168,0.2369941124765411
1441,144,0.2367571183640645
1442,189,0.2365203612457005
1443,201,0.2362838408844548
1444,168,0.2360475570435703
1445,192,0.2358115094865268
1446,165,0.2355756979770402
1447,246,0.2353401222790632
1448,270,0.2351047821567841
1449,69,0.2348696773746273
1450,651,0.2346348076972527
1451,69,0.2344001728895554
1452,96,0.2341657727166659
1453,282,0.2339316069439492
1454,105,0.2336976753370052
1455,213,0.2334639776616682
1456,69,0.2332305136840065
1457,147,0.2329972831703225
1458,270,0.2327642858871522
1459,159,0.232531521601265
1460,192,0.2322989900796638
1461,345,0.2320666910895841
1462,102,0.2318346243984945
1463,138,0.231602789774096
1464,282,0.2313711869843219
1465,405,0.2311398157973376
1466,144,0.2309086759815403
1467,222,0.2306777673055587
1468,69,0.2304470895382531
1469,147,0.2302166424487149
1470,279,0.2299864258062662
1471,177,0.2297564393804599
1472,159,0.2295266829410795
1473,153,0.2292971562581384
1474,168,0.2290678591018803
1475,540,0.2288387912427784
1476,321,0.2286099524515356
1477,303,0.2283813424990841
1478,162,0.228152961156585
1479,156,0.2279248081954284
1480,111,0.227696883387233
1481,168,0.2274691865038458
1482,201,0.2272417173173419
1483,288,0.2270144756000246
1484,270,0.2267874611244246
1485,213,0.2265606736633001
1486,198,0.2263341129896368
1487,345,0.2261077788766472
1488,123,0.2258816710977705
1489,168,0.2256557894266728
1490,315,0.2254301336372461
1491,252,0.2252047035036088
1492,405,0.2249794988001053
1493,291,0.2247545193013052
1494,201,0.2245297647820038
1495,165,0.2243052350172218
1496,300,0.2240809297822046
1497,108,0.2238568488524224
1498,294,0.2236329920035699
1499,282,0.2234093590115664
1500,156,0.2231859496525548
1501,195,0.2229627637029022
1502,69,0.2227398009391993
1503,75,0.2225170611382601
1504,246,0.2222945440771219
1505,192,0.2220722495330447
1506,192,0.2218501772835117
1507,168,0.2216283271062282
1508,213,0.2214066987791219
1509,69,0.2211852920803428
1510,75,0.2209641067882625
1511,282,0.2207431426814742
1512,294,0.2205223995387927
1513,135,0.2203018771392539
1514,258,0.2200815752621147
1515,210,0.2198614936868526
1516,282,0.2196416321931657
1517,246,0.2194219905609725
1518,144,0.2192025685704116
1519,735,0.2189833660018411
1520,93,0.2187643826358393
1521,381,0.2185456182532034
1522,111,0.2183270726349502
1523,159,0.2181087455623153
1524,159,0.217890636816753
1525,255,0.2176727461799362
1526,300,0.2174550734337563
1527,405,0.2172376183603225
1528,291,0.2170203807419622
1529,315,0.2168033603612202
1530,255,0.216586557000859
1531,153,0.2163699704438582
1532,135,0.2161536004734143
1533,156,0.2159374468729409
1534,93,0.2157215094260679
1535,150,0.2155057879166419
1536,366,0.2152902821287252
1537,168,0.2150749918465965
1538,213,0.2148599168547499
1539,153,0.2146450569378952
1540,207,0.2144304118809573
1541,192,0.2142159814690763
1542,282,0.2140017654876072
1543,282,0.2137877637221196
1544,159,0.2135739759583975
1545,282,0.2133604019824391
1546,192,0.2131470415804567
1547,204,0.2129338945388762
1548,201,0.2127209606443373
1549,405,0.212508239683693
1550,276,0.2122957314440093
1551,204,0.2120834357125653
1552,69,0.2118713522768527
1553,135,0.2116594809245759
1554,210,0.2114478214436513
1555,201,0.2112363736222076
1556,135,0.2110251372485854
1557,69,0.2108141121113368
1558,231,0.2106032979992255
1559,135,0.2103926947012263
1560,75,0.2101823020065251
1561,201,0.2099721197045186
1562,201,0.209762147584814
1563,132,0.2095523854372292
1564,123,0.209342833051792
1565,282,0.2091334902187402
1566,156,0.2089243567285215
1567,165,0.2087154323717929
1568,159,0.2085067169394211
1569,69,0.2082982102224817
1570,135,0.2080899120122592
1571,192,0.207881822100247
1572,195,0.2076739402781467
1573,189,0.2074662663378686
1574,348,0.2072588000715307
1575,240,0.2070515412714592
1576,117,0.2068444897301877
1577,225,0.2066376452404575
1578,147,0.2064310075952171
1579,141,0.2062245765876219
1580,300,0.2060183520110343
1581,192,0.2058123336590232
1582,204,0.2056065213253642
1583,69,0.2054009148040388
1584,246,0.2051955138892348
1585,120,0.2049903183753456
1586,237,0.2047853280569702
1587,357,0.2045805427289133
1588,147,0.2043759621861843
1589,162,0.2041715862239982
1590,69,0.2039674146377742
1591,336,0.2037634472231364
1593,144,0.2033561240921373
1594,435,0.2031527679680452
1595,192,0.2029496152000772
1596,321,0.2027466655848771
1597,384,0.2025439189192922
1598,285,0.2023413750003729
1599,168,0.2021390336253725
1600,135,0.2019368945917472
1601,168,0.2017349576971554
1602,84,0.2015332227394583
1604,201,0.2011303578272021
1605,135,0.2009292274693749
1606,159,0.2007282982419055
1607,444,0.2005275699436636
1608,240,0.2003270423737199
1609,255,0.2001267153313462
1610,207,0.1999265886160149
1611,135,0.1997266620273989
1612,552,0.1995269353653715
1613,69,0.1993274084300061
1614,159,0.1991280810215761
1615,198,0.1989289529405545
1616,96,0.198730023987614
1617,846,0.1985312939636264
1618,165,0.1983327626696627
1619,330,0.1981344299069931
1620,228,0.1979362954770861
1621,282,0.197738359181609
1622,222,0.1975406208224274
1623,351,0.197343080201605
1624,426,0.1971457371214033
1625,159,0.1969485913842819
1626,249,0.1967516427928977
1627,165,0.1965548911501048
1628,261,0.1963583362589546
1629,357,0.1961619779226957
1630,201,0.195965815944773
1631,282,0.1957698501288282
1632,282,0.1955740802786994
1633,204,0.1953785061984207
1634,120,0.1951831276922223
1635,156,0.19498794456453
1636,222,0.1947929566199655
1637,198,0.1945981636633456
1638,333,0.1944035654996822
1639,297,0.1942091619341825
1640,246,0.1940149527722483
1641,168,0.1938209378194761
1642,96,0.1936271168816566
1643,276,0.193433489764775
1644,288,0.1932400562750102
1645,141,0.1930468162187352
1646,402,0.1928537694025164
1647,168,0.1926609156331139
1648,282,0.1924682547174808
1649,168,0.1922757864627634
1650,201,0.1920835106763006
1651,198,0.1918914271656243
1652,270,0.1916995357384587
1653,282,0.1915078362027202
1654,273,0.1913163283665175
1655,303,0.1911250120381509
1656,84,0.1909338870261128
1657,381,0.1907429531390866
1659,276,0.1903616579757616
1660,129,0.1901712963177859
1661,270,0.1899811250214681
1662,96,0.1897911438964466
1663,135,0.1896013527525502
1664,420,0.1894117513997976
1665,270,0.1892223396483978
1666,87,0.1890331173087494
1667,378,0.1888440841914406
1668,102,0.1886552401072492
1669,189,0.1884665848671419
1670,735,0.1882781182822748
1671,102,0.1880898401639925
1672,291,0.1879017503238285
1673,252,0.1877138485735047
1674,135,0.1875261347249312
1676,135,0.187151269981616
1677,69,0.1869641187116344
1678,135,0.1867771545929228
1679,354,0.1865903774383299
1680,72,0.1864037870608915
1682,189,0.1860311658905568
1683,213,0.1858451347246663
1684,399,0.1856592895899416
1685,204,0.1854736303003517
1686,105,0.1852881566700513
1687,213,0.1851028685133813
1688,162,0.1849177656448679
1689,312,0.184732847879223
1690,183,0.1845481150313438
1691,135,0.1843635669163124
1692,192,0.1841792033493961
1693,471,0.1839950241460467
1694,156,0.1838110291219007
1695,204,0.1836272180927788
1696,69,0.183443590874686
1697,189,0.1832601472838113
1698,336,0.1830768871365275
1699,339,0.182893810249391
1700,135,0.1827109164391416
1701,168,0.1825282055227024
1702,201,0.1823456773171797
1703,234,0.1821633316398626
1704,204,0.1819811683082227
1705,162,0.1817991871399145
1706,249,0.1816173879527745
1707,126,0.1814357705648218
1708,306,0.1812543347942569
1709,219,0.1810730804594627
1710,270,0.1808920073790032
1711,201,0.1807111153716242
1712,105,0.1805304042562526
1713,390,0.1803498738519963
1714,177,0.1801695239781443
1715,273,0.1799893544541662
1716,282,0.179809365099712
1717,189,0.1796295557346123
1718,282,0.1794499261788777
1719,69,0.1792704762526988
1720,192,0.1790912057764461
1721,417,0.1789121145706697
1722,168,0.178733202456099
1723,162,0.1785544692536429
1724,135,0.1783759147843893
1725,159,0.1781975388696049
1726,213,0.1780193413307353
1727,339,0.1778413219894045
1728,138,0.1776634806674152
1729,315,0.1774858171867477
1730,309,0.177308331369561
1731,240,0.1771310230381914
1732,249,0.1769538920151533
1733,282,0.1767769381231381
1734,225,0.1766001611850149
1735,270,0.1764235610238299
1736,165,0.1762471374628061
1737,168,0.1760708903253433
1738,168,0.175894819435018
1739,291,0.1757189246155829
1740,87,0.1755432056909674
1741,168,0.1753676624852764
1742,228,0.1751922948227911
1743,300,0.1750171025279683
1744,222,0.1748420854254404
1745,246,0.1746672433400149
1746,159,0.1744925760966749
1747,216,0.1743180835205783
1748,84,0.1741437654370577
1749,234,0.1739696216716206
1750,384,0.173795652049949
1751,165,0.173621856397899
1752,282,0.1734482345415011
1753,300,0.1732747863069596
1754,93,0.1731015115206527
1755,192,0.172928410009132
1756,300,0.1727554815991229
1757,252,0.1725827261175238
1758,369,0.1724101433914062
1759,156,0.1722377332480149
1760,255,0.1720654955147668
1761,183,0.1718934300192521
1762,159,0.1717215365892328
1763,303,0.1715498150526436
1764,168,0.1713782652375909
1765,192,0.1712068869723534
1766,354,0.171035680085381
1767,156,0.1708646444052956
1768,201,0.1706937797608903
1769,69,0.1705230859811294
1770,303,0.1703525628951483
1771,270,0.1701822103322531
1772,183,0.1700120281219209
1773,252,0.169842016093799
1774,201,0.1696721740777052
1775,282,0.1695025019036275
1776,303,0.1693329994017239
1777,204,0.1691636664023221
1778,264,0.1689945027359198
1779,201,0.1688255082331839
1780,204,0.1686566827249507
1781,165,0.1684880260422258
1782,120,0.1683195380161835
1783,165,0.1681512184781673
1784,321,0.1679830672596892
1785,231,0.1678150841924295
1786,270,0.1676472691082371
1787,282,0.1674796218391289
1788,135,0.1673121422172897
1789,333,0.1671448300750724
1790,177,0.1669776852449974
1791,135,0.1668107075597524
1792,168,0.1666438968521926
1793,69,0.1664772529553404
1794,303,0.1663107757023851
1795,138,0.1661444649266827
1796,201,0.165978320461756
1797,135,0.1658123421412942
1798,318,0.1656465297991529
1799,378,0.1654808832693538
1800,288,0.1653154023860845
1801,150,0.1651500869836984
1802,237,0.1649849368967147
1803,246,0.164819951959818
1804,270,0.1646551320078581
1805,222,0.1644904768758503
1806,192,0.1643259863989744
1807,249,0.1641616604125754
1808,222,0.1639974987521628
1809,189,0.1638335012534107
1810,156,0.1636696677521573
1811,69,0.1635059980844051
1812,108,0.1633424920863207
1813,270,0.1631791495942344
1814,339,0.1630159704446402
1815,309,0.1628529544741955
1816,165,0.1626901015197213
1817,135,0.1625274114182016
1818,135,0.1623648840067834
1819,291,0.1622025191227766
1820,105,0.1620403166036539
1821,339,0.1618782762870502
1822,159,0.1617163980107631
1823,69,0.1615546816127524
1824,147,0.1613931269311396
1825,165,0.1612317338042085
1826,198,0.1610705020704043
1827,189,0.1609094315683339
1828,246,0.1607485221367656
1829,252,0.1605877736146288
1830,177,0.1604271858410142
1831,168,0.1602667586551731
1832,336,0.160106491896518
1833,135,0.1599463854046214
1834,159,0.1597864390192168
1835,144,0.1596266525801976
1836,294,0.1594670259276174
1837,189,0.1593075589016898
1838,249,0.1591482513427881
1839,204,0.1589891030914453
1840,165,0.1588301139883539
1841,249,0.1586712838743655
1842,69,0.1585126125904911
1843,192,0.1583540999779007
1844,69,0.1581957458779228
1845,447,0.1580375501320448
1846,69,0.1578795125819128
1847,213,0.1577216330693309
1848,585,0.1575639114362615
1849,153,0.1574063475248253
1850,426,0.1572489411773005
1851,282,0.1570916922361232
1852,66,0.156934600543887
1853,192,0.1567776659433432
1854,105,0.1566208882773998
1855,201,0.1564642673891224
1856,150,0.1563078031217333
1857,267,0.1561514953186115
1858,198,0.1559953438232929
1859,261,0.1558393484794696
1860,255,0.1556835091309902
1861,153,0.1555278256218592
1862,279,0.1553722977962373
1863,276,0.1552169254984411
1864,354,0.1550617085729426
1865,261,0.1549066468643697
1866,246,0.1547517402175053
1867,360,0.1545969884772878
1868,165,0.1544423914888106
1869,303,0.1542879490973217
1870,144,0.1541336611482244
1871,474,0.1539795274870762
1872,300,0.1538255479595891
1873,192,0.1536717224116295
1875,282,0.1533645326385287
1876,348,0.1532111681058901
1877,273,0.1530579569377843
1878,135,0.1529048989808465
1879,189,0.1527519940818656
1880,165,0.1525992420877837
1881,369,0.1524466428456959
1882,147,0.1522941962028502
1883,471,0.1521419020066474
1884,405,0.1519897601046407
1885,282,0.1518377703445361
1886,165,0.1516859325741916
1887,168,0.1515342466416174
1888,507,0.1513827123949758
1889,141,0.1512313296825808
1890,711,0.1510800983528982
1891,162,0.1509290182545453
1892,327,0.1507780892362907
1893,189,0.1506273111470544
1894,69,0.1504766838359074
1895,333,0.1503262071520714
1896,168,0.1501758809449194
1897,525,0.1500257050639744
1898,159,0.1498756793589105
1899,156,0.1497258036795515
1900,288,0.149576077875872
1901,159,0.1494265017979961
1902,465,0.1492770752961981
1903,288,0.1491277982209019
1904,219,0.148978670422681
1905,126,0.1488296917522583
1906,156,0.1486808620605061
1907,243,0.1485321811984455
1908,69,0.1483836490172471
1909,327,0.1482352653682298
1910,339,0.1480870301028616
1911,192,0.1479389430727588
1912,246,0.147791004129686
1913,270,0.1476432131255563
1914,99,0.1474955699124308
1915,135,0.1473480743425184
1916,84,0.1472007262681758
1917,246,0.1470535255419077
1918,249,0.1469064720163658
1919,282,0.1467595655443494
1920,537,0.146612805978805
1921,357,0.1464661931728262
1922,270,0.1463197269796534
1923,204,0.1461734072526738
1924,156,0.1460272338454211
1925,267,0.1458812066115757
1926,69,0.1457353254049641
1927,270,0.1455895900795591
1928,429,0.1454440004894796
1929,363,0.1452985564889901
1930,69,0.1451532579325011
1931,138,0.1450081046745686
1932,192,0.144863096569894
1933,252,0.1447182334733242
1934,189,0.1445735152398508
1935,192,0.144428941724611
1936,84,0.1442845127828864
1937,366,0.1441402282701035
1938,69,0.1439960880418334
1939,297,0.1438520919537915
1940,135,0.1437082398618377
1941,294,0.1435645316219759
1942,627,0.1434209670903539
1943,393,0.1432775461232635
1944,213,0.1431342685771403
1945,192,0.1429911343085631
1946,147,0.1428481431742546
1947,135,0.1427052950310803
1948,168,0.1425625897360492
1949,192,0.1424200271463132
1950,282,0.1422776071191669
1951,282,0.1421353295120477
1952,192,0.1419931941825357
1953,204,0.1418512009883531
1954,240,0.1417093497873648
1955,201,0.1415676404375774
1956,228,0.1414260727971398
1957,471,0.1412846467243427
1958,120,0.1411433620776184
1959,267,0.1410022187155407
1960,255,0.1408612164968252
1961,498,0.1407203552803284
1962,315,0.1405796349250481
1963,249,0.140439055290123
1964,255,0.1402986162348329
1965,474,0.1401583176185981
1966,204,0.1400181593009795
1967,270,0.1398781411416785
1968,246,0.1397382630005368
1969,348,0.1395985247375362
1970,279,0.1394589262127987
1971,135,0.1393194672865859
1972,240,0.1391801478192993
1973,285,0.13904096767148
1974,108,0.1389019267038085
1975,393,0.1387630247771047
1976,201,0.1386242617523276
1977,360,0.1384856374905753
1978,618,0.1383471518530847
1979,246,0.1382088047012316
1980,282,0.1380705958965304
1981,189,0.1379325253006338
1982,282,0.1377945927753332
1983,339,0.1376567981825579
1984,213,0.1375191413843753
1985,249,0.1373816222429909
1986,246,0.1372442406207479
1987,255,0.1371069963801272
1988,108,0.1369698893837471
1989,126,0.1368329194943633
1990,168,0.1366960865748689
1991,189,0.1365593904882941
1992,204,0.1364228310978058
1993,270,0.136286408266708
1994,78,0.1361501218584413
1995,336,0.1360139717365828
1996,270,0.1358779577648463
1997,195,0.1357420798070814
1998,294,0.1356063377272743
1999,381,0.1354707313895471
2000,162,0.1353352606581575
2001,540,0.1351999253974994
2002,150,0.1350647254721018
2003,339,0.1349296607466298
2004,87,0.1347947310858831
2005,582,0.1346599363547972
2006,339,0.1345252764184424
2007,282,0.134390751142024
2008,303,0.134256360390882
2009,213,0.1341221040304911
2010,270,0.1339879819264606
2011,147,0.1338539939445341
2012,246,0.1337201399505896
2013,282,0.133586419810639
2014,135,0.1334528333908284
2015,249,0.1333193805574375
2016,123,0.1331860611768801
2017,378,0.1330528751157032
2018,246,0.1329198222405875
2019,282,0.1327869024183469
2020,144,0.1326541155159286
2021,198,0.1325214614004126
2022,192,0.1323889399390122
2023,312,0.1322565509990732
2024,102,0.1321242944480742
2025,156,0.1319921701536261
2026,321,0.1318601779834725
2027,282,0.131728317805489
2028,255,0.1315965894876835
2029,357,0.1314649928981958
2030,393,0.1313335279052976
2031,336,0.1312021943773923
2032,426,0.1310709921830149
2033,789,0.1309399211908319
2034,258,0.130808981269641
2035,189,0.1306781722883714
2036,114,0.130547494116083
2037,168,0.1304169466219669
2038,288,0.130286529675345
2039,522,0.1301562431456696
2040,462,0.130026086902524
2041,489,0.1298960608156215
2042,231,0.1297661647548058
2043,342,0.129636398590051
2044,237,0.129506762191461
2045,255,0.1293772554292696
2046,189,0.1292478781738403
2047,168,0.1291186302956664
2048,177,0.1289895116653708
2049,246,0.1288605221537054
2050,201,0.1287316616315517
2051,144,0.1286029299699201
2052,270,0.1284743270399502
2053,618,0.1283458527129103
2054,411,0.1282175068601974
2055,135,0.1280892893533372
2056,384,0.1279612000639838
2057,168,0.1278332388639199
2058,159,0.1277054056250559
2059,201,0.1275777002194309
2060,270,0.1274501225192114
2061,282,0.1273226723966922
2062,291,0.1271953497242955
2063,168,0.1270681543745712
2064,246,0.1269410862201967
2065,201,0.1268141451339765
2066,135,0.1266873309888425
2067,201,0.1265606436578537
2068,201,0.1264340830141958
2069,258,0.1263076489311816
2070,297,0.1261813412822505
2071,282,0.1260551599409682
2072,153,0.1259291047810272
2073,342,0.1258031756762462
2074,165,0.12567737250057
2075,192,0.1255516951280694
2076,357,0.1254261434329413
2077,270,0.1253007172895084
2078,360,0.1251754165722189
2079,165,0.1250502411556467
2080,282,0.124925190914491
2081,168,0.1248002657235765
2082,216,0.1246754654578529
2083,417,0.1245507899923951
2084,282,0.1244262392024027
2085,93,0.1243018129632003
2086,135,0.1241775111502371
2087,282,0.1240533336390868
2088,132,0.1239292803054478
2089,201,0.1238053510251423
2090,246,0.1236815456741172
2091,135,0.123557864128443
2092,303,0.1234343062643146
2093,159,0.1233108719580503
2094,360,0.1231875610860922
2095,192,0.1230643735250061
2096,156,0.1229413091514811
2097,159,0.1228183678423296
2098,243,0.1226955494744873
2099,150,0.1225728539250128
2100,192,0.1224502810710878
2101,291,0.1223278307900167
2102,309,0.1222055029592267
2103,168,0.1220832974562675
2104,87,0.1219612141588112
2105,189,0.1218392529446524
2106,282,0.1217174136917078
2107,201,0.121595696278016
2108,177,0.121474100581738
2109,165,0.1213526264811563
2110,153,0.1212312738546751
2111,270,0.1211100425808205
2112,246,0.1209889325382397
2113,471,0.1208679436057014
2114,291,0.1207470756620957
2115,144,0.1206263285864336
2116,321,0.1205057022578472
2117,393,0.1203851965555893
2118,216,0.1202648113590337
2119,282,0.1201445465476747
2120,168,0.120024402001127
2121,270,0.1199043775991259
2122,168,0.1197844732215268
2123,207,0.1196646887483053
2124,306,0.119545024059557
2125,297,0.1194254790354974
2126,288,0.1193060535564619
2127,270,0.1191867475029054
2128,294,0.1190675607554025
2129,240,0.1189484931946471
2130,876,0.1188295447014525
2131,252,0.118710715156751
2132,258,0.1185920044415943
2133,282,0.1184734124371527
2134,264,0.1183549390247156
2135,69,0.1182365840856908
2136,444,0.1181183475016051
2137,69,0.1180002291541035
2138,204,0.1178822289249494
2139,183,0.1177643466960245
2140,156,0.1176465823493285
2141,156,0.1175289357669791
2142,231,0.1174114068312121
2143,168,0.1172939954243809
2144,435,0.1171767014289565
2145,165,0.1170595247275276
2146,360,0.1169424652028001
2147,219,0.1168255227375973
2148,699,0.1167086972148597
2149,315,0.1165919885176448
2150,162,0.1164753965291272
2151,219,0.116358921132598
2152,393,0.1162425622114654
2153,339,0.116126319649254
2154,141,0.1160101933296047
2155,135,0.1158941831362751
2156,252,0.1157782889531388
2157,303,0.1156625106641857
2158,246,0.1155468481535215
2159,246,0.115431301305368
2160,282,0.1153158700040626
2161,213,0.1152005541340586
2162,201,0.1150853535799245
2163,306,0.1149702682263446
2164,135,0.1148552979581182
2165,270,0.1147404426601601
2166,252,0.1146257022174999
2167,339,0.1145110765152824
2168,156,0.1143965654387672
2169,135,0.1142821688733284
2170,393,0.1141678867044551
2171,339,0.1140537188177506
2172,141,0.1139396650989329
2173,282,0.1138257254338339
2174,147,0.1137118997084001
2175,261,0.1135981878086917
2176,75,0.113484589620883
2177,459,0.1133711050312621
2178,201,0.1132577339262309
2179,258,0.1131444761923047
2180,282,0.1130313317161123
2181,336,0.1129183003843962
2182,348,0.1128053820840118
2183,516,0.1126925767019278
2184,75,0.1125798841252259
2185,405,0.1124673042411007
2186,270,0.1123548369368596
2187,168,0.1122424820999227
2188,258,0.1121302396178228
2189,429,0.1120181093782049
2190,354,0.1119060912688267
2191,453,0.1117941851775579
2192,282,0.1116823909923804
2193,219,0.111570708601388
2194,351,0.1114591378927866
2195,282,0.1113476787548938
2196,147,0.1112363310761389
2197,291,0.1111250947450628
2198,135,0.1110139696503177
2199,192,0.1109029556806674
2200,384,0.1107920527249867
2201,141,0.1106812606722617
2202,69,0.1105705794115895
2203,348,0.1104600088321779
2204,69,0.1103495488233457
2205,162,0.1102391992745224
2206,69,0.1101289600752478
2207,153,0.1100188311151726
2208,255,0.1099088122840574
2209,357,0.1097989034717734
2210,282,0.1096891045683016
2211,303,0.1095794154637333
2212,201,0.1094698360482696
2213,282,0.1093603662122213
2214,291,0.1092510058460091
2215,153,0.1091417548401631
2216,135,0.1090326130853229
2217,192,0.1089235804722376
2218,162,0.1088146568917653
2219,300,0.1087058422348736
2220,135,0.1085971363926387
2221,267,0.108488539256246
2222,267,0.1083800507169898
2223,156,0.1082716706662728
2224,165,0.1081633989956065
2225,381,0.1080552355966109
2226,270,0.1079471803610143
2227,201,0.1078392331806533
2228,192,0.1077313939474726
2229,165,0.1076236625535252
2230,378,0.1075160388909717
2231,258,0.1074085228520807
2232,210,0.1073011143292286
2233,192,0.1071938132148994
2234,192,0.1070866194016845
2235,246,0.1069795327822828
2236,339,0.1068725532495005
2237,360,0.106765680696251
2238,192,0.1066589150155547
2240,225,0.1064457038444386
2241,135,0.1063392581405942
2242,390,0.1062329188824536
2243,270,0.1061266859635712
2244,249,0.1060205592776076
2245,222,0.10591453871833
2246,237,0.1058086241796116
2247,303,0.105702815555432
2248,339,0.1055971127398766
2249,255,0.1054915156271367
2250,315,0.1053860241115096
2252,192,0.1051753574493107
2253,306,0.1050701820918614
2254,156,0.1049651119097695
2255,282,0.1048601467978597
2256,360,0.1047552866510619
2257,282,0.1046505313644108
2258,225,0.1045458808330464
2259,144,0.1044413349522134
2260,213,0.1043368936172611
2261,768,0.1042325567236439
2262,231,0.1041283241669202
2263,213,0.1040241958427533
2264,273,0.1039201716469106
2265,153,0.1038162514752636
2266,165,0.1037124352237884
2267,381,0.1036087227885646
2268,84,0.103505114065776
2269,135,0.1034016089517102
2270,159,0.1032982073427585
2271,156,0.1031949091354158
2272,282,0.1030917142262804
2273,249,0.1029886225120541
2274,345,0.102885633889542
2275,111,0.1027827482556525
2276,207,0.1026799655073968
2277,153,0.1025772855418894
2278,252,0.1024747082563476
2279,159,0.1023722335480912
2280,360,0.1022698613145431
2281,303,0.1021675914532286
2282,243,0.1020654238617753
2283,336,0.1019633584379136
2284,189,0.1018613950794756
2285,300,0.1017595336843962
2286,339,0.1016577741507118
2287,327,0.1015561163765611
2288,156,0.1014545602601845
2289,162,0.1013531056999243
2290,540,0.1012517525942244
2291,69,0.1011505008416302
2292,429,0.1010493503407885
2293,540,0.1009483009904478
2294,297,0.1008473526894573
2295,192,0.1007465053367678
2296,315,0.1006457588314311
2297,69,0.1005451130725997
2298,258,0.1004445679595271
2299,162,0.1003441233915675
2300,411,0.100243779268176
2301,234,0.1001435354889078
2302,249,0.1000433919534189
2303,381,0.0999433485614654
2304,192,0.099843405212904
2305,147,0.0997435618076911
2306,270,0.0996438182458834
2307,156,0.0995441744276375
2308,921,0.0994446302532099
2309,135,0.0993451856229566
2310,282,0.0992458404373337
2311,270,0.0991465945968964
2312,282,0.0990474480022995
2313,261,0.0989484005542972
2314,315,0.0988494521537429
2315,282,0.0987506027015891
2316,396,0.0986518520988875
2317,852,0.0985532002467887
2318,282,0.0984546470465419
2319,141,0.0983561923994953
2320,777,0.0982578362070958
2321,135,0.0981595783708887
2322,192,0.0980614187925178
2323,387,0.0979633573737253
2324,216,0.0978653940163516
2325,246,0.0977675286223353
2326,255,0.0976697610937129
2327,69,0.0975720913326192
2328,156,0.0974745192412866
2329,249,0.0973770447220453
2330,267,0.0972796676773233
2331,165,0.0971823880096459
2332,291,0.0970852056216363
2333,204,0.0969881204160146
2334,150,0.0968911322955986
2335,168,0.096794241163303
2336,405,0.0966974469221397
2337,276,0.0966007494752176
2338,249,0.0965041487257424
2339,384,0.0964076445770166
2340,312,0.0963112369324396
2341,159,0.0962149256955072
2342,291,0.0961187107698117
2343,471,0.0960225920590419
2344,462,0.0959265694669828
2345,360,0.0958306428975158
2346,282,0.0957348122546183
2347,222,0.0956390774423637
2349,234,0.0954478949265564
2350,270,0.0953524470316298
2351,627,0.0952570945845982
2352,426,0.0951618374900136
2353,360,0.0950666756525236
2354,252,0.0949716089768711
2355,192,0.0948766373678942
2356,168,0.0947817607305263
2357,192,0.0946869789697958
2358,282,0.094592291990826
2359,270,0.0944976996988352
2360,168,0.0944032019991363
2361,204,0.0943087987971372
2362,300,0.0942144899983401
2363,246,0.0941202755083417
2364,318,0.0940261552328334
2365,159,0.0939321290776006
2366,267,0.093838196948523
2367,270,0.0937443587515744
2368,255,0.0936506143928228
2369,411,0.09355696377843
2370,246,0.0934634068146516
2371,411,0.0933699434078369
2372,246,0.0932765734644291
2373,192,0.0931832968909647
2374,201,0.0930901135940737
2375,387,0.0929970234804796
2376,141,0.0929040264569992
2377,168,0.0928111224305422
2378,264,0.0927183113081116
2380,408,0.0925329674038067
2381,282,0.0924404344364029
2382,216,0.0923479940019665
2383,222,0.0922556460079645
2384,246,0.0921633903619566
2385,330,0.0920712269715946
2386,252,0.091979155744623
2387,336,0.0918871765888784
2388,408,0.0917952894122895
2389,312,0.0917034941228772
2390,246,0.0916117906287544
2391,144,0.0915201788381256
2392,291,0.0914286586592875
2393,255,0.0913372300006282
2394,135,0.0912458927706276
2395,375,0.0911546468778569
2396,291,0.0910634922309791
2397,417,0.0909724287387481
2398,111,0.0908814563100094
2399,198,0.0907905748536994
2400,192,0.0906997842788457
2401,156,0.0906090844945668
2402,264,0.0905184754100722
2403,495,0.0904279569346622
2404,471,0.0903375289777275
2405,246,0.0902471914487498
2406,282,0.090156944257301
2407,270,0.0900667873130437
2408,339,0.0899767205257307
2409,147,0.0898867438052049
2410,411,0.0897968570613997
2411,189,0.0897070602043383
2412,99,0.089617353144134
2413,282,0.0895277357909899
2414,225,0.0894382080551989
2415,120,0.0893487698471437
2416,375,0.0892594210772965
2417,339,0.0891701616562192
2418,204,0.089080991494563
2419,246,0.0889919105030685
2420,150,0.0889029185925654
2421,135,0.0888140156739728
2422,168,0.0887252016582989
2423,168,0.0886364764566406
2424,282,0.0885478399801839
2425,252,0.0884592921402037
2426,504,0.0883708328480635
2427,201,0.0882824620152155
2428,441,0.0881941795532003
2429,405,0.0881059853736471
2430,231,0.0880178793882734
2431,66,0.0879298615088851
2432,282,0.0878419316473762
2433,537,0.0877540897157289
2434,276,0.0876663356260131
2435,201,0.0875786692903871
2436,120,0.0874910906210967
2437,168,0.0874035995304756
2438,381,0.0873161959309452
2439,435,0.0872288797350142
2440,384,0.0871416508552792
2441,294,0.0870545092044239
2442,372,0.0869674546952195
2443,270,0.0868804872405243
2444,96,0.0867936067532837
2445,255,0.0867068131465305
2446,84,0.0866201063333839
2447,633,0.0865334862270506
2448,405,0.0864469527408235
2450,135,0.0862741452822946
2451,144,0.0861878711370123
2452,465,0.0861016832658753
2453,258,0.0860155815826094
2454,318,0.0859295660010268
2455,168,0.0858436364350258
2456,159,0.0857577927985907
2457,69,0.0856720350057922
2458,87,0.0855863629707864
2459,159,0.0855007766078156
2460,204,0.0854152758312077
2461,135,0.0853298605553765
2462,168,0.0852445306948212
2463,396,0.0851592861641263
2464,240,0.0850741268779622
2465,177,0.0849890527510843
2466,354,0.0849040636983332
2467,150,0.0848191596346348
2468,192,0.0847343404750002
2469,303,0.0846496061345252
2470,87,0.0845649565283907
2471,402,0.0844803915718623
2472,228,0.0843959111802904
2473,270,0.0843115152691101
2474,192,0.084227203753841
2475,192,0.0841429765500872
2476,423,0.0840588335735371
2477,69,0.0839747747399636
2478,846,0.0838907999652236
2479,300,0.0838069091652584
2480,675,0.0837231022560931
2481,201,0.083639379153837
2482,102,0.0835557397746832
2483,339,0.0834721840349085
2484,168,0.0833887118508736
2485,381,0.0833053231390227
2486,165,0.0832220178158837
2487,336,0.0831387957980678
2488,249,0.0830556570022697
2489,438,0.0829726013452675
2490,156,0.0828896287439222
2491,315,0.0828067391151783
2492,210,0.0827239323760631
2493,675,0.0826412084436871
2494,234,0.0825585672352434
2495,168,0.0824760086680081
2496,237,0.0823935326593401
2497,168,0.0823111391266808
2498,246,0.0822288279875541
2499,69,0.0821465991595665
2500,162,0.082064452560407
2501,237,0.0819823881078466
2502,204,0.0819004057197387
2503,288,0.081818505314019
2504,471,0.081736686808705
2505,213,0.0816549501218962
2506,384,0.0815732951717743
2507,258,0.0814917218766026
2508,156,0.081410230154726
2509,246,0.0813288199245712
2510,108,0.0812474911046467
2511,204,0.081166243613542
2512,141,0.0810850773699285
2513,405,0.0810039922925585
2514,201,0.080922988300266
2515,393,0.0808420653119657
2516,201,0.0807612232466537
2517,168,0.0806804620234071
2518,138,0.0805997815613837
2519,117,0.0805191817798223
2520,204,0.0804386625980425
2521,336,0.0803582239354444
2522,387,0.080277865711509
2523,189,0.0801975878457975
2524,162,0.0801173902579517
2525,189,0.0800372728676937
2526,120,0.079957235594826
2527,114,0.0798772783592312
2528,627,0.079797401080872
2529,69,0.0797176036797911
2530,333,0.0796378860761113
2531,252,0.0795582481900352
2532,165,0.0794786899418452
2533,360,0.0793992112519033
2534,633,0.0793198120406514
2535,135,0.0792404922286108
2536,153,0.0791612517363822
2537,168,0.0790820904846458
2538,204,0.0790030083941611
2539,312,0.078924005385767
2540,225,0.0788450813803812
2541,168,0.0787662362990008
2542,162,0.0786874700627018
2543,924,0.0786087825926391
2544,135,0.0785301738100465
2545,276,0.0784516436362364
2546,183,0.0783731919926002
2547,261,0.0782948188006076
2548,201,0.078216523981807
2549,69,0.0781383074578252
2550,201,0.0780601691503674
2551,405,0.077982108981217
2552,279,0.0779041268722358
2553,141,0.0778262227453635
2554,135,0.0777483965226182
2555,345,0.0776706481260956
2556,381,0.0775929774779695
2557,300,0.0775153845004915
2558,720,0.077437869115991
2559,222,0.077360431246875
2560,135,0.0772830708156281
2561,69,0.0772057877448125
2562,348,0.0771285819570677
2563,237,0.0770514533751106
2564,405,0.0769744019217355
2565,282,0.0768974275198138
2566,69,0.076820530092294
2567,192,0.0767437095622017
2568,216,0.0766669658526395
2569,168,0.0765902988867868
2570,405,0.0765137085879
2571,294,0.0764371948793121
2572,315,0.0763607576844328
2573,468,0.0762843969267484
2574,270,0.0762081125298217
2575,135,0.0761319044172918
2576,156,0.0760557725128745
2577,204,0.0759797167403617
2578,69,0.0759037370236213
2579,141,0.0758278332865977
2580,207,0.0757520054533111
2581,237,0.0756762534478578
2582,246,0.0756005771944099
2583,663,0.0755249766172155
2584,246,0.0754494516405983
2585,378,0.0753740021889577
2586,351,0.0752986281867687
2587,69,0.0752233295585819
2588,201,0.0751481062290234
2589,417,0.0750729581227943
2590,258,0.0749978851646715
2591,207,0.0749228872795069
2592,249,0.0748479643922274
2593,168,0.0747731164278351
2594,246,0.0746983433114073
2595,69,0.0746236449680959
2596,231,0.0745490213231278
2597,153,0.0744744723018047
2598,318,0.0743999978295029
2599,384,0.0743255978316734
2600,282,0.0742512722338417
2601,192,0.0741770209616078
2602,282,0.0741028439406462
2603,246,0.0740287410967056
2604,459,0.0739547123556089
2605,300,0.0738807576432533
2606,285,0.07380687688561
2607,213,0.0737330700087244
2608,189,0.0736593369387157
2609,249,0.073585677601777
2610,213,0.0735120919241752
2611,168,0.073438579832251
2612,282,0.0733651412524188
2613,168,0.0732917761111664
2614,270,0.0732184843350552
2615,315,0.0731452658507201
2616,264,0.0730721205848694
2617,276,0.0729990484642845
2618,375,0.0729260494158203
2619,246,0.0728531233664044
2620,297,0.072780270243038
2621,177,0.072707489972795
2622,189,0.0726347824828222
2623,303,0.0725621477003394
2624,201,0.0724895855526391
2625,141,0.0724170959670864
2626,201,0.0723446788711193
2627,135,0.0722723341922482
2628,291,0.072200061858056
2629,213,0.0721278617961979
2630,246,0.0720557339344017
2631,192,0.0719836782004673
2632,156,0.0719116945222669
2633,246,0.0718397828277446
2634,336,0.0717679430449168
2635,129,0.0716961751018719
2636,336,0.07162447892677
2637,168,0.0715528544478433
2638,69,0.0714813015933954
2639,252,0.071409820291802
2640,270,0.0713384104715102
2641,282,0.0712670720610387
2642,303,0.0711958049889777
2643,252,0.0711246091839887
2644,246,0.0710534845748047
2645,384,0.0709824310902299
2646,243,0.0709114486591397
2647,246,0.0708405372104805
2648,300,0.0707696966732701
2649,87,0.0706989269765968
2650,336,0.0706282280496202
2651,270,0.0705575998215706
2652,207,0.070487042221749
2653,417,0.0704165551795272
2654,270,0.0703461386243477
2655,243,0.0702757924857234
2656,660,0.0702055166932376
2657,594,0.0701353111765444
2658,273,0.0700651758653679
2659,207,0.0699951106895025
2660,255,0.069925115578813
2661,114,0.0698551904632342
2662,279,0.0697853352727709
2663,438,0.0697155499374982
2664,201,0.0696458343875607
2665,336,0.0695761885531731
2666,360,0.0695066123646199
2667,165,0.0694371057522553
2668,291,0.0693676686465031
2669,213,0.0692983009778566
2670,606,0.0692290026768787
2671,213,0.0691597736742018
2672,69,0.0690906139005276
2673,69,0.0690215232866271
2674,405,0.0689525017633405
2675,306,0.0688835492615771
2676,360,0.0688146657123156
2677,135,0.0687458510466032
2678,144,0.0686771051955566
2679,402,0.0686084280903611
2680,201,0.0685398196622707
2681,69,0.0684712798426084
2682,192,0.0684028085627658
2683,150,0.0683344057542031
2684,291,0.0682660713484489
2685,168,0.0681978052771004
2686,168,0.0681296074718233
2687,147,0.0680614778643515
2688,138,0.0679934163864871
2689,192,0.0679254229701007
2690,243,0.0678574975471306
2691,318,0.0677896400495834
2692,282,0.0677218504095338
2693,246,0.0676541285591243
2694,315,0.0675864744305652
2695,393,0.0675188879561346
2696,288,0.0674513690681785
2697,360,0.0673839176991103
2698,483,0.0673165337814112
2699,561,0.0672492172476298
2700,90,0.0671819680303822
2701,468,0.0671147860623518
2702,168,0.0670476712762895
2703,291,0.0669806236050132
2704,282,0.0669136429814082
2705,135,0.0668467293384268
2706,291,0.0667798826090883
2707,426,0.0667131027264792
2708,729,0.0666463896237528
2709,243,0.066579743234129
2710,384,0.0665131634908949
2711,339,0.066446650327404
2712,405,0.0663802036770766
2713,255,0.0663138234733995
2714,438,0.0662475096499261
2715,135,0.0661812621402762
2716,405,0.0661150808781359
2717,315,0.0660489657972578
2718,276,0.0659829168314605
2719,405,0.0659169339146291
2720,261,0.0658510169807144
2721,69,0.0657851659637337
2722,135,0.06571938079777
2723,303,0.0656536614169722
2724,405,0.0655880077555552
2725,69,0.0655224197477997
2726,192,0.0654568973280519
2727,135,0.0653914404307238
2728,246,0.0653260489902931
2729,228,0.0652607229413028
2730,156,0.0651954622183615
2731,471,0.0651302667561432
2732,528,0.065065136489387
2733,177,0.0650000713528976
2734,339,0.0649350712815447
2735,192,0.0648701362102632
2736,198,0.0648052660740529
2737,201,0.0647404608079789
2738,255,0.0646757203471709
2739,312,0.0646110446268237
2740,438,0.0645464335821969
2741,381,0.0644818871486147
2742,162,0.0644174052614661
2743,366,0.0643529878562046
2744,282,0.0642886348683484
2745,303,0.0642243462334801
2746,201,0.0641601218872466
2747,69,0.0640959617653594
2748,276,0.064031865803594
2749,168,0.0639678339377904
2750,384,0.0639038661038526
2751,300,0.0638399622377488
2752,126,0.063776122275511
2753,69,0.0637123461532355
2754,291,0.0636486338070823
2755,237,0.0635849851732752
2756,192,0.0635214001881019
2757,405,0.0634578787879138
2758,327,0.0633944209091259
2759,111,0.0633310264882168
2760,276,0.0632676954617286
2761,363,0.0632044277662668
2762,291,0.0631412233385006
2763,168,0.0630780821151621
2764,327,0.0630150040330469
2765,87,0.0629519890290139
2766,282,0.0628890370399848
2767,246,0.0628261480029449
2768,384,0.0627633218549419
2769,288,0.062700558533087
2770,339,0.0626378579745539
2771,300,0.0625752201165793
2772,291,0.0625126448964628
2773,141,0.0624501322515663
2774,357,0.0623876821193147
2775,246,0.0623252944371954
2776,192,0.0622629691427582
2777,249,0.0622007061736154
2778,165,0.0621385054674418
2779,267,0.0620763669619744
2780,348,0.0620142905950124
2781,246,0.0619522763044174
2782,153,0.061890324028113
2783,252,0.0618284337040849
2784,75,0.0617666052703808
2785,168,0.0617048386651104
2786,270,0.0616431338264453
2787,246,0.0615814906926188
2788,366,0.0615199092019262
2789,318,0.0614583892927243
2790,156,0.0613969309034316
2791,360,0.0613355339725281
2792,336,0.0612741984385556
2793,216,0.0612129242401171
2794,255,0.0611517113158769
2795,192,0.0610905596045611
2796,168,0.0610294690449565
2797,135,0.0609684395759115
2798,294,0.0609074711363356
2799,312,0.0608465636651993
2800,141,0.0607857171015341
2801,210,0.0607249313844326
2802,288,0.0606642064530481
2803,195,0.0606035422465951
2804,144,0.0605429387043485
2805,282,0.0604823957656441
2806,282,0.0604219133698785
2807,384,0.0603614914565086
2808,519,0.0603011299650521
2809,192,0.0602408288350871
2810,363,0.060180588006252
2811,282,0.0601204074182457
2812,519,0.0600602870108275
2813,294,0.0600002267238166
2814,291,0.0599402264970928
2815,339,0.0598802862705957
2816,315,0.0598204059843251
2817,249,0.0597605855783408
2818,354,0.0597008249927625
2819,303,0.0596411241677697
2820,381,0.0595814830436019
2821,246,0.0595219015605583
2822,255,0.0594623796589978
2823,189,0.0594029172793388
2824,492,0.0593435143620594
2825,216,0.0592841708476974
2826,279,0.0592248866768497
2827,252,0.0591656617901728
2828,288,0.0591064961283827
2829,213,0.0590473896322543
2830,300,0.058988342242622
2831,393,0.0589293539003794
2832,339,0.058870424546479
2833,168,0.0588115541219326
2834,456,0.0587527425678106
2835,318,0.0586939898252428
2836,411,0.0586352958354176
2837,405,0.0585766605395821
2838,516,0.0585180838790426
2839,324,0.0584595657951635
2840,168,0.0584011062293684
2841,150,0.058342705123139
2842,204,0.0582843624180159
2843,288,0.0582260780555978
2844,495,0.0581678519775422
2845,165,0.0581096841255647
2846,201,0.0580515744414391
2847,405,0.0579935228669977
2848,405,0.0579355293441307
2849,708,0.0578775938147866
2850,141,0.0578197162209718
2851,303,0.0577618965047508
2852,405,0.0577041346082461
2853,672,0.0576464304736378
2854,291,0.0575887840431642
2855,306,0.057531195259121
2856,192,0.0574736640638619
2857,273,0.057416190399798
2858,162,0.0573587742093982
2859,348,0.0573014154351888
2860,213,0.0572441140197536
2861,624,0.0571868699057339
2862,201,0.0571296830358282
2863,342,0.0570725533527923
2864,312,0.0570154807994395
2865,306,0.0569584653186401
2866,192,0.0569015068533215
2867,270,0.0568446053464681
2868,213,0.0567877607411217
2869,246,0.0567309729803805
2870,609,0.0566742420074002
2871,192,0.0566175677653928
2872,282,0.0565609501976274
2873,150,0.0565043892474297
2874,270,0.0564478848581823
2875,246,0.0563914369733241
2876,252,0.0563350455363508
2877,255,0.0562787104908145
2878,219,0.0562224317803237
2879,189,0.0561662093485433
2880,111,0.0561100431391948
2881,390,0.0560539330960556
2882,246,0.0559978791629595
2883,561,0.0559418812837966
2884,180,0.0558859394025128
2885,294,0.0558300534631103
2886,333,0.0557742234096472
2887,462,0.0557184491862375
2888,291,0.0556627307370513
2889,336,0.0556070680063142
2890,108,0.0555514609383079
2891,543,0.0554959094773696
2892,198,0.0554404135678922
2893,255,0.0553849731543243
2894,204,0.05532958818117
2895,192,0.0552742585929888
2896,237,0.0552189843343958
2897,156,0.0551637653500615
2898,204,0.0551086015847114
2899,336,0.0550534929831267
2900,966,0.0549984394901435
2901,471,0.0549434410506534
2902,306,0.0548884976096027
2903,315,0.0548336091119931
2904,363,0.0547787755028812
2905,291,0.0547239967273783
2906,378,0.0546692727306509
2907,405,0.0546146034579202
2908,201,0.0545599888544623
2909,366,0.0545054288656079
2910,78,0.0544509234367423
2911,201,0.0543964725133055
2912,153,0.0543420760407922
2913,339,0.0542877339647514
2914,192,0.0542334462307867
2915,330,0.0541792127845559
2916,246,0.0541250335717713
2917,258,0.0540709085381996
2918,270,0.0540168376296614
2919,201,0.0539628207920317
2920,864,0.0539088579712397
2921,213,0.0538549491132684
2922,201,0.0538010941641552
2923,309,0.053747293069991
2924,213,0.053693545776921
2925,201,0.0536398522311441
2926,318,0.0535862123789129
2927,303,0.053532626166534
2928,276,0.0534790935403675
2929,282,0.0534256144468271
2930,153,0.0533721888323803
2931,402,0.0533188166435479
2932,360,0.0532654978269044
2933,252,0.0532122323290775
2934,246,0.0531590200967484
2935,246,0.0531058610766516
2936,153,0.053052755215575
2937,288,0.0529997024603594
2938,309,0.052946702757899
2939,303,0.0528937560551412
2940,354,0.052840862299086
2941,246,0.0527880214367869
2942,384,0.0527352334153501
2943,471,0.0526824981819348
2944,609,0.0526298156837529
2945,285,0.0525771858680691
2946,282,0.052524608682201
2947,135,0.0524720840735188
2948,102,0.0524196119894453
2949,321,0.0523671923774559
2950,309,0.0523148251850784
2951,339,0.0522625103598933
2952,69,0.0522102478495334
2953,315,0.0521580376016839
2954,246,0.0521058795640822
2955,594,0.0520537736845181
2956,225,0.0520017199108336
2957,348,0.0519497181909228
2958,498,0.0518977684727319
2959,303,0.0518458707042591
2960,375,0.0517940248335549
2961,336,0.0517422308087213
2962,315,0.0516904885779126
2963,303,0.0516387980893347
2964,315,0.0515871592912453
2965,384,0.0515355721319541
2966,360,0.0514840365598222
2967,282,0.0514325525232623
2968,297,0.0513811199707391
2969,246,0.0513297388507683
2970,318,0.0512784091119176
2971,333,0.0512271307028056
2972,558,0.0511759035721028
2973,282,0.0511247276685307
2974,135,0.0510736029408622
2975,426,0.0510225293379213
2976,246,0.0509715068085834
2977,201,0.0509205353017748
2978,165,0.0508696147664731
2979,321,0.0508187451517066
2980,165,0.0507679264065549
2981,573,0.0507171584801483
2982,324,0.0506664413216682
2983,309,0.0506157748803465
2984,321,0.0505651591054662
2985,252,0.0505145939463607
2986,252,0.0504640793524143
2987,522,0.0504136152730619
2988,201,0.0503632016577889
2989,189,0.0503128384561311
2990,339,0.0502625256176749
2991,477,0.0502122630920573
2992,255,0.0501620508289652
2993,69,0.0501118887781362
2994,315,0.0500617768893581
2995,300,0.0500117151124688
2996,282,0.0499617033973563
2997,462,0.0499117416939589
2998,324,0.049861829952265
2999,297,0.0498119681223127
3000,390,0.0497621561541904
3001,282,0.0497123939980362
3002,201,0.0496626816040382
3003,300,0.0496130189224341
3004,300,0.0495634059035117
3005,411,0.0495138424976082
3006,339,0.0494643286551106
3007,504,0.0494148643264555
3008,297,0.049365449462129
3009,168,0.0493160840126669
3010,300,0.0492667679286542
3011,303,0.0492175011607256
3012,108,0.0491682836595648
3013,324,0.0491191153759053
3014,465,0.0490699962605294
3015,402,0.0490209262642688
3016,354,0.0489719053380046
3017,243,0.0489229334326666
3018,201,0.0488740104992339
3019,168,0.0488251364887347
3020,213,0.0487763113522459
3021,333,0.0487275350408937
3022,783,0.0486788075058528
3023,618,0.0486301286983469
3024,192,0.0485814985696486
3025,246,0.0485329170710789
3026,345,0.0484843841540079
3027,285,0.0484358997698539
3028,69,0.048387463870084
3029,282,0.0483390764062139
3030,201,0.0482907373298077
3031,189,0.0482424465924779
3032,363,0.0481942041458854
3033,279,0.0481460099417395
3034,336,0.0480978639317978
3035,483,0.048049766067866
3036,168,0.0480017163017981
3037,282,0.0479537145854963
3038,426,0.0479057608709108
3039,192,0.0478578551100399
3040,96,0.0478099972549299
3041,654,0.047762187257675
3042,234,0.0477144250704173
3043,156,0.0476667106453469
3044,168,0.0476190439347015
3045,414,0.0475714248907668
3046,93,0.0475238534658761
3047,303,0.0474763296124102
3048,303,0.0474288532827978
3049,279,0.047381424429515
3050,159,0.0473340430050854
3051,138,0.0472867089620804
3052,459,0.0472394222531183
3053,204,0.0471921828308652
3054,261,0.0471449906480343
3055,369,0.0470978456573863
3056,201,0.0470507478117289
3057,153,0.0470036970639171
3058,282,0.0469566933668532
3059,282,0.0469097366734864
3060,282,0.0468628269368129
3061,648,0.0468159641098761
3062,405,0.0467691481457662
3063,555,0.0467223789976204
3064,225,0.0466756566186228
3065,168,0.0466289809620042
3066,306,0.0465823519810422
3067,201,0.0465357696290611
3068,282,0.0464892338594321
3069,504,0.0464427446255726
3070,516,0.0463963018809471
3071,120,0.0463499055790661
3072,339,0.0463035556734871
3073,204,0.0462572521178136
3074,219,0.0462109948656958
3075,192,0.0461647838708301
3076,321,0.0461186190869592
3077,159,0.0460725004678723
3078,384,0.0460264279674044
3079,297,0.045980401539437
3080,246,0.0459344211378976
3081,201,0.0458884867167597
3082,360,0.0458425982300429
3083,510,0.0457967556318129
3084,243,0.0457509588761811
3085,204,0.0457052079173049
3086,363,0.0456595027093876
3087,69,0.0456138432066782
3088,168,0.0455682293634715
3089,675,0.045522661134108
3090,294,0.0454771384729739
3091,141,0.045431661334501
3092,213,0.0453862296731665
3093,252,0.0453408434434933
3094,201,0.0452955026000498
3095,234,0.0452502070974497
3096,372,0.0452049568903523
3097,165,0.0451597519334619
3098,213,0.0451145921815285
3099,69,0.045069477589347
3100,627,0.0450244081117576
3101,252,0.0449793837036458
3102,150,0.0449344043199422
3103,354,0.0448894699156223
3104,114,0.0448445804457066
3105,303,0.0447997358652609
3106,405,0.0447549361293957
3107,306,0.0447101811932663
3108,276,0.044665471012073
3109,366,0.0446208055410609
3110,339,0.0445761847355199
3111,540,0.0445316085507844
3112,453,0.0444870769422336
3113,327,0.0444425898652913
3114,519,0.044398147275426
3115,279,0.0443537491281506
3116,213,0.0443093953790225
3117,291,0.0442650859836434
3118,153,0.0442208208976598
3119,246,0.0441766000767621
3120,255,0.0441324234766854
3121,459,0.0440882910532087
3122,246,0.0440442027621555
3123,606,0.0440001585593933
3124,240,0.0439561584008339
3125,162,0.0439122022424331
3126,144,0.0438682900401907
3127,246,0.0438244217501505
3128,240,0.0437805973284003
3129,318,0.0437368167310719
3130,354,0.0436930799143409
3131,213,0.0436493868344265
3132,345,0.0436057374475921
3133,342,0.0435621317101445
3134,336,0.0435185695784343
3135,426,0.0434750510088559
3136,189,0.0434315759578471
3137,246,0.0433881443818892
3138,255,0.0433447562375073
3139,246,0.0433014114812698
3140,489,0.0432581100697885
3141,282,0.0432148519597187
3142,168,0.043171637107759
3143,192,0.0431284654706513
3144,270,0.0430853370051806
3145,297,0.0430422516681754
3146,252,0.0429992094165073
3147,135,0.0429562102070908
3148,252,0.0429132539968837
3149,177,0.0428703407428868
3150,414,0.0428274704021439
3151,582,0.0427846429317418
3152,459,0.04274185828881
3153,201,0.0426991164305212
3154,366,0.0426564173140907
3155,165,0.0426137608967766
3156,261,0.0425711471358798
3157,423,0.0425285759887439
3158,168,0.0424860474127552
3159,255,0.0424435613653425
3160,231,0.0424011178039771
3161,69,0.0423587166861731
3162,675,0.042316357969487
3163,684,0.0422740416115175
3164,369,0.042231767569906
3165,111,0.042189535802336
3166,108,0.0421473462665337
3167,159,0.0421051989202672
3168,246,0.0420630937213469
3169,255,0.0420210306276256
3170,306,0.0419790095969979
3171,246,0.0419370305874009
3172,168,0.0418950935568135
3173,639,0.0418531984632567
3174,303,0.0418113452647935
3175,405,0.0417695339195287
3176,168,0.0417277643856091
3177,519,0.0416860366212235
3178,261,0.0416443505846023
3179,336,0.0416027062340177
3180,282,0.0415611035277837
3181,294,0.0415195424242559
3182,270,0.0414780228818316
3183,360,0.0414365448589498
3184,591,0.0413951083140909
3185,291,0.0413537132057768
3186,177,0.041312359492571
3187,165,0.0412710471330784
3188,246,0.0412297760859453
3189,369,0.0411885463098594
3190,237,0.0411473577635495
3191,414,0.041106210405786
3192,414,0.0410651041953802
3193,585,0.0410240390911848
3194,252,0.0409830150520936
3195,339,0.0409420320370415
3196,246,0.0409010900050045
3197,165,0.0408601889149995
3198,471,0.0408193287260845
3199,405,0.0407785093973584
3200,471,0.0407377308879611
3201,282,0.0406969931570731
3202,315,0.040656296163916
3203,279,0.0406156398677521
3204,201,0.0405750242278844
3205,405,0.0405344492036565
3206,411,0.0404939147544528
3207,516,0.0404534208396984
3208,96,0.0404129674188587
3209,264,0.0403725544514398
3210,270,0.0403321818969884
3211,339,0.0402918497150914
3212,201,0.0402515578653763
3213,405,0.0402113063075109
3214,1053,0.0401710950012034
3215,405,0.0401309239062022
3216,345,0.040090792982296
3217,483,0.0400507021893137
3218,411,0.0400106514871244
3219,69,0.0399706408356373
3220,414,0.0399306701948016
3221,252,0.0398907395246068
3222,270,0.0398508487850822
3223,201,0.0398109979362971
3224,144,0.0397711869383608
3225,222,0.0397314157514225
3226,585,0.0396916843356711
3227,246,0.0396519926513354
3228,135,0.039612340658684
3229,306,0.0395727283180254
3230,312,0.0395331555897073
3231,360,0.0394936224341176
3232,267,0.0394541288116835
3233,246,0.0394146746828718
3234,270,0.0393752600081889
3235,339,0.0393358847481808
3236,168,0.0392965488634326
3237,357,0.0392572523145691
3238,384,0.0392179950622546
3239,294,0.0391787770671923
3240,369,0.0391395982901251
3241,279,0.039100458691835
3242,303,0.0390613582331432
3243,249,0.03902229687491
3244,396,0.0389832745780351
3245,192,0.0389442913034571
3246,246,0.0389053470121536
3247,303,0.0388664416651415
3248,117,0.0388275752234763
3249,639,0.0387887476482528
3250,405,0.0387499589006046
3251,282,0.038711208941704
3252,339,0.0386724977327623
3253,270,0.0386338252350295
3254,426,0.0385951914097945
3255,504,0.0385565962183847
3256,1011,0.0385180396221663
3257,348,0.0384795215825442
3258,795,0.0384410420609616
3259,336,0.0384026010189007
3261,252,0.0383258342194639
3262,252,0.0382875083852444
3263,204,0.0382492208768592
3264,378,0.0382109716559823
3265,189,0.0381727606843263
3266,720,0.038134587923642
3267,1362,0.0380964533357184
3268,540,0.0380583568823826
3269,435,0.0380202985255003
3270,387,0.0379822782269748
3271,522,0.0379442959487478
3272,66,0.037906351652799
3273,165,0.0378684453011462
3274,135,0.0378305768558451
3275,429,0.0377927462789892
3276,165,0.0377549535327102
3277,324,0.0377171985791775
3278,624,0.0376794813805984
3279,189,0.0376418018992178
3280,366,0.0376041600973185
3281,294,0.0375665559372212
3282,405,0.037528989381284
3283,246,0.0374914603919027
3284,168,0.0374539689315108
3285,201,0.0374165149625793
3286,201,0.0373790984476167
3287,255,0.0373417193491691
3288,159,0.0373043776298199
3289,336,0.0372670732521901
3290,384,0.0372298061789379
3291,60,0.037192576372759
3292,675,0.0371553837963862
3293,429,0.0371182284125898
3294,282,0.0370811101841772
3295,363,0.0370440290739931
3296,405,0.0370069850449191
3297,201,0.0369699780598742
3298,387,0.0369330080818143
3299,342,0.0368960750737325
3300,324,0.0368591789986587
3301,252,0.0368223198196601
3302,273,0.0367854974998404
3303,303,0.0367487120023406
3304,183,0.0367119632903382
3305,354,0.0366752513270479
3306,312,0.0366385760757208
3307,138,0.0366019374996451
3308,168,0.0365653355621455
3309,618,0.0365287702265833
3310,237,0.0364922414563568
3311,201,0.0364557492149004
3312,246,0.0364192934656855
3313,255,0.0363828741722198
3314,303,0.0363464912980476
3315,291,0.0363101448067495
3316,360,0.0362738346619428
3317,336,0.0362375608272809
3318,336,0.0362013232664536
3319,144,0.0361651219431871
3320,270,0.0361289568212439
3321,270,0.0360928278644227
3322,339,0.0360567350365583
3323,750,0.0360206783015217
3324,336,0.0359846576232202
3325,252,0.035948672965597
3326,189,0.0359127242926314
3327,282,0.0358768115683387
3328,393,0.0358409347567704
3329,336,0.0358050938220136
3330,246,0.0357692887281916
3331,285,0.0357335194394634
3332,168,0.035697785920024
3333,111,0.0356620881341039
3334,708,0.0356264260459698
3335,393,0.0355907996199238
3336,660,0.0355552088203039
3337,201,0.0355196536114836
3338,1080,0.0354841339578721
3339,303,0.0354486498239143
3340,156,0.0354132011740904
3341,210,0.0353777879729163
3342,360,0.0353424101849433
3343,228,0.0353070677747584
3344,384,0.0352717607069836
3345,231,0.0352364889462767
3346,303,0.0352012524573304
3347,312,0.0351660512048731
3348,252,0.0351308851536682
3349,336,0.0350957542685145
3350,246,0.035060658514246
3351,56,0.0350255978557318
3352,156,0.034990572257876
3353,840,0.0349555816856181
3354,717,0.0349206261039325
3355,426,0.0348857054778286
3356,402,0.0348508197723508
3357,249,0.0348159689525784
3358,240,0.0347811529836258
3359,462,0.0347463718306422
3360,624,0.0347116254588116
3361,282,0.0346769138333528
3362,252,0.0346422369195194
3363,300,0.0346075946825999
3364,267,0.0345729870879173
3365,315,0.0345384141008294
3366,168,0.0345038756867285
3367,315,0.0344693718110418
3368,249,0.0344349024392308
3369,366,0.0344004675367915
3370,213,0.0343660670692547
3371,357,0.0343317010021855
3372,303,0.0342973693011833
3373,516,0.0342630719318821
3374,615,0.0342288088599502
3375,426,0.0341945800510903
3376,552,0.0341603854710392
3377,291,0.0341262250855682
3378,270,0.0340920988604826
3379,408,0.0340580067616221
3380,189,0.0340239487548605
3381,351,0.0339899248061056
3382,246,0.0339559348812995
3383,333,0.0339219789464182
3384,348,0.0338880569674718
3385,246,0.0338541689105043
3386,360,0.0338203147415938
3387,234,0.0337864944268522
3388,246,0.0337527079324254
3389,1209,0.0337189552244929
3390,282,0.0336852362692685
3391,375,0.0336515510329992
3392,201,0.0336178994819662
3393,303,0.0335842815824842
3394,303,0.0335506973009017
3395,192,0.0335171466036008
3396,282,0.0334836294569972
3397,405,0.0334501458275402
3398,276,0.0334166956817127
3399,291,0.033383278986031
3400,357,0.0333498957070449
3401,300,0.0333165458113379
3402,516,0.0332832292655266
3403,228,0.033249946036261
3404,252,0.0332166960902248
3405,165,0.0331834793941346
3406,327,0.0331502959147404
3407,516,0.0331171456188257
3408,291,0.0330840284732069
3409,345,0.0330509444447336
3410,204,0.0330178935002889
3411,1500,0.0329848756067886
3412,237,0.0329518907311818
3413,969,0.0329189388404507
3414,288,0.0328860199016102
3415,189,0.0328531338817086
3416,549,0.0328202807478269
3417,288,0.0327874604670791
3418,384,0.032754673006612
3419,537,0.0327219183336054
3420,168,0.0326891964152718
3421,339,0.0326565072188565
3422,336,0.0326238507116376
3423,252,0.032591226860926
3424,177,0.0325586356340651
3425,246,0.032526076998431
3426,246,0.0324935509214326
3427,246,0.0324610573705111
3428,147,0.0324285963131406
3429,192,0.0323961677168275
3430,135,0.0323637715491107
3431,405,0.0323314077775616
3432,282,0.032299076369784
3433,120,0.0322667772934142
3434,267,0.0322345105161208
3435,306,0.0322022760056047
3436,159,0.0321700737295991
3437,303,0.0321379036558695
3438,108,0.0321057657522136
3439,276,0.0320736599864614
3440,405,0.0320415863264749
3441,156,0.0320095447401485
3442,426,0.0319775351954083
3443,405,0.0319455576602129
3444,336,0.0319136121025527
3445,426,0.0318816984904501
3446,135,0.0318498167919597
3447,123,0.0318179669751677
3448,264,0.0317861490081926
3449,405,0.0317543628591844
3450,660,0.0317226084963252
3451,69,0.0316908858878288
3452,294,0.031659195001941
3453,336,0.0316275358069391
3454,102,0.0315959082711321
3455,462,0.031564312362861
3456,312,0.0315327480504981
3457,294,0.0315012153024476
3458,156,0.0314697140871452
3459,282,0.0314382443730581
3460,348,0.031406806128685
3461,294,0.0313753993225563
3462,456,0.0313440239232338
3463,318,0.0313126798993105
3464,303,0.0312813672194112
3465,168,0.0312500858521918
3466,168,0.0312188357663396
3467,237,0.0311876169305733
3468,516,0.0311564293136427
3469,363,0.0311252728843291
3470,135,0.0310941476114447
3471,321,0.0310630534638333
3472,243,0.0310319904103694
3473,201,0.0310009584199591
3474,357,0.0309699574615391
3475,357,0.0309389875040776
3476,168,0.0309080485165735
3477,246,0.0308771404680569
3478,351,0.0308462633275889
3479,405,0.0308154170642613
3480,408,0.030784601647197
3481,327,0.0307538170455498
3482,237,0.0307230632285043
3483,393,0.0306923401652758
3484,291,0.0306616478251105
3485,255,0.0306309861772854
3486,405,0.0306003551911081
3487,360,0.030569754835917
3488,270,0.0305391850810811
3489,306,0.030508645896
3490,246,0.030478137250104
3491,252,0.0304476591128539
3492,537,0.030417211453741
3493,291,0.0303867942422873
3494,333,0.030356407448045
3495,231,0.030326051040597
3496,426,0.0302957249895564
3497,228,0.0302654292645668
3498,294,0.0302351638353022
3499,282,0.0302049286714669
3500,282,0.0301747237427955
3501,168,0.0301445490190527
3502,246,0.0301144044700336
3503,312,0.0300842900655636
3504,270,0.030054205775498
3505,351,0.0300241515697225
3506,288,0.0299941274181528
3507,168,0.0299641332907346
3508,441,0.0299341691574439
3509,240,0.0299042349882865
3510,363,0.0298743307532982
3511,459,0.0298444564225449
3512,201,0.0298146119661223
3513,201,0.0297847973541562
3514,426,0.0297550125568021
3515,297,0.0297252575442453
3516,732,0.029695532286701
3517,492,0.0296658367544143
3518,201,0.0296361709176599
3519,531,0.0296065347467422
3520,243,0.0295769282119955
3521,201,0.0295473512837835
3522,189,0.0295178039324997
3523,252,0.0294882861285672
3524,696,0.0294587978424386
3525,312,0.0294293390445962
3526,255,0.0293999097055516
3527,231,0.0293705097958461
3528,336,0.0293411392860502
3529,405,0.0293117981467642
3530,453,0.0292824863486174
3531,153,0.0292532038622688
3532,213,0.0292239506584065
3533,156,0.0291947267077481
3534,246,0.0291655319810404
3535,201,0.0291363664490593
3536,1305,0.0291072300826103
3537,321,0.0290781228525277
3538,306,0.0290490447296751
3539,282,0.0290199956849454
3540,252,0.0289909756892605
3541,471,0.0289619847135712
3542,270,0.0289330227288577
3543,753,0.0289040897061288
3544,360,0.0288751856164227
3545,336,0.0288463104308063
3546,384,0.0288174641203755
3547,165,0.0287886466562551
3548,333,0.0287598580095988
3549,405,0.0287310981515892
3550,192,0.0287023670534376
3551,339,0.0286736646863842
3552,246,0.0286449910216978
3553,438,0.0286163460306761
3554,336,0.0285877296846454
3555,75,0.0285591419549608
3556,282,0.0285305828130058
3557,573,0.0285020522301928
3558,384,0.0284735501779626
3559,540,0.0284450766277847
3560,405,0.0284166315511569
3561,318,0.0283882149196057
3562,429,0.0283598267046861
3563,147,0.0283314668779814
3564,393,0.0283031354111035
3565,144,0.0282748322756924
3566,594,0.0282465574434167
3567,162,0.0282183108859732
3568,249,0.0281900925750873
3569,534,0.0281619024825122
3570,414,0.0281337405800297
3571,300,0.0281056068394496
3572,627,0.0280775012326102
3573,468,0.0280494237313776
3574,270,0.0280213743076462
3575,783,0.0279933529333386
3576,189,0.0279653595804052
3577,303,0.0279373942208248
3578,282,0.027909456826604
3579,429,0.0278815473697774
3580,111,0.0278536658224076
3581,282,0.0278258121565852
3582,204,0.0277979863444286
3583,318,0.0277701883580842
3584,96,0.0277424181697261
3585,636,0.0277146757515564
3586,585,0.0276869610758048
3587,333,0.027659274114729
3588,516,0.0276316148406143
3589,69,0.0276039832257737
3590,192,0.0275763792425479
3591,246,0.0275488028633053
3592,372,0.027521254060442
3593,282,0.0274937328063816
3594,282,0.0274662390735752
3595,282,0.0274387728345016
3596,201,0.0274113340616671
3597,189,0.0273839227276055
3598,270,0.0273565388048779
3599,192,0.027329182266073
3600,321,0.0273018530838069
3601,588,0.0272745512307231
3602,414,0.0272472766794924
3603,495,0.0272200294028129
3604,480,0.0271928093734101
3605,318,0.0271656165640367
3606,618,0.0271384509474726
3607,213,0.0271113124965252
3608,552,0.0270842011840286
3609,435,0.0270571169828446
3610,507,0.0270300598658618
3611,189,0.0270030298059959
3612,405,0.0269760267761899
3613,360,0.0269490507494137
3614,564,0.0269221016986643
3615,384,0.0268951795969656
3616,246,0.0268682844173687
3617,426,0.0268414161329513
3618,273,0.0268145747168184
3619,558,0.0267877601421015
3620,270,0.0267609723819594
3621,666,0.0267342114095775
3622,309,0.0267074771981679
3623,315,0.0266807697209697
3624,159,0.0266540889512488
3625,282,0.0266274348622975
3626,408,0.0266008074274352
3627,618,0.0265742066200078
3628,168,0.0265476324133878
3629,168,0.0265210847809744
3630,309,0.0264945636961934
3631,192,0.0264680691324972
3632,189,0.0264416010633647
3633,438,0.0264151594623014
3634,351,0.0263887443028391
3635,294,0.0263623555585362
3636,336,0.0263359932029777
3637,246,0.0263096572097747
3638,288,0.0262833475525649
3639,297,0.0262570642050124
3640,267,0.0262308071408073
3641,153,0.0262045763336665
3642,528,0.0261783717573329
3643,495,0.0261521933855755
3644,309,0.02612604119219
3645,201,0.0260999151509978
3646,255,0.0260738152358468
3647,303,0.0260477414206109
3648,384,0.0260216936791903
3649,336,0.0259956719855111
3650,384,0.0259696763135256
3651,582,0.0259437066372121
3652,201,0.0259177629305749
3653,162,0.0258918451676443
3654,303,0.0258659533224767
3655,168,0.0258400873691542
3656,252,0.025814247281785
3657,189,0.0257884330345032
3658,303,0.0257626446014687
3659,282,0.0257368819568673
3660,303,0.0257111450749104
3661,204,0.0256854339298355
3662,471,0.0256597484959057
3663,396,0.0256340887474098
3664,246,0.0256084546586623
3665,135,0.0255828462040037
3666,438,0.0255572633577997
3667,360,0.0255317060944419
3668,390,0.0255061743883474
3669,516,0.0254806682139591
3670,282,0.0254551875457451
3671,471,0.0254297323581994
3672,270,0.0254043026258412
3673,177,0.0253788983232154
3674,189,0.0253535194248921
3675,201,0.0253281659054672
3676,261,0.0253028377395618
3677,405,0.0252775349018222
3678,267,0.0252522573669204
3679,360,0.0252270051095535
3680,267,0.0252017781044439
3681,336,0.0251765763263395
3682,282,0.0251513997500131
3683,366,0.0251262483502631
3684,150,0.0251011221019129
3685,459,0.0250760209798109
3686,231,0.0250509449588311
3687,168,0.0250258940138723
3688,135,0.0250008681198584
3689,300,0.0249758672517386
3690,303,0.0249508913844868
3691,246,0.0249259404931024
3692,189,0.0249010145526092
3693,426,0.0248761135380566
3694,264,0.0248512374245186
3695,252,0.0248263861870941
3696,345,0.024801559800907
3697,126,0.0247767582411061
3698,396,0.024751981482865
3699,357,0.0247272295013821
3700,405,0.0247025022718807
3701,360,0.0246777997696088
3702,165,0.0246531219698392
3703,456,0.0246284688478694
3704,333,0.0246038403790215
3705,396,0.0245792365386425
3706,270,0.0245546573021038
3707,705,0.0245301026448017
3708,135,0.0245055725421569
3709,384,0.0244810669696148
3710,246,0.0244565859026452
3711,864,0.0244321293167425
3712,351,0.0244076971874258
3713,543,0.0243832894902384
3714,228,0.0243589062007481
3715,306,0.0243345472945474
3716,213,0.0243102127472528
3717,270,0.0242859025345056
3718,360,0.0242616166319711
3719,285,0.0242373550153391
3720,135,0.0242131176603237
3721,459,0.0241889045426634
3722,159,0.0241647156381208
3723,144,0.0241405509224826
3724,249,0.0241164103715602
3725,702,0.0240922939611886
3726,240,0.0240682016672274
3727,522,0.0240441334655602
3728,468,0.0240200893320946
3729,189,0.0239960692427625
3730,246,0.0239720731735198
3731,312,0.0239481011003462
3732,753,0.0239241529992459
3733,270,0.0239002288462466
3734,333,0.0238763286174004
3735,213,0.023852452288783
3736,303,0.0238285998364942
3737,246,0.0238047712366577
3738,312,0.0237809664654211
3739,153,0.0237571854989556
3740,300,0.0237334283134567
3741,270,0.0237096948851432
3742,114,0.0236859851902581
3743,339,0.0236622992050678
3744,192,0.0236386369058628
3745,201,0.0236149982689569
3746,303,0.0235913832706879
3747,438,0.0235677918874173
3748,135,0.0235442240955298
3749,291,0.0235206798714343
3750,303,0.0234971591915629
3751,246,0.0234736620323713
3752,483,0.0234501883703389
3753,201,0.0234267381819686
3754,384,0.0234033114437866
3755,252,0.0233799081323428
3756,246,0.0233565282242105
3757,168,0.0233331716959863
3758,201,0.0233098385242903
3759,360,0.023286528685766
3760,1011,0.0232632421570802
3761,750,0.0232399789149232
3762,192,0.0232167389360082
3763,507,0.0231935221970722
3764,303,0.0231703286748752
3765,189,0.0231471583462003
3766,405,0.0231240111878541
3767,165,0.0231008871766662
3768,252,0.0230777862894896
3769,351,0.0230547085032001
3770,561,0.0230316537946969
3771,255,0.0230086221409022
3772,606,0.0229856135187613
3773,168,0.0229626279052425
3774,195,0.0229396652773373
3775,402,0.0229167256120599
3776,468,0.0228938088864479
3777,153,0.0228709150775614
3778,486,0.0228480441624839
3779,252,0.0228251961183214
3780,246,0.0228023709222031
3781,246,0.0227795685512809
3782,246,0.0227567889827296
3783,270,0.0227340321937469
3784,405,0.0227112981615531
3785,414,0.0226885868633916
3786,594,0.0226658982765282
3787,429,0.0226432323782516
3788,393,0.0226205891458734
3789,165,0.0225979685567275
3790,405,0.0225753705881708
3791,429,0.0225527952175826
3792,246,0.022530242422365
3793,225,0.0225077121799427
3794,384,0.0224852044677627
3795,294,0.022462719263295
3796,246,0.0224402565440317
3797,426,0.0224178162874876
3798,405,0.0223953984712001
3799,213,0.0223730030727289
3800,504,0.0223506300696562
3801,279,0.0223282794395866
3802,168,0.022305951160147
3803,339,0.0222836452089868
3804,303,0.0222613615637778
3805,429,0.0222391002022141
3806,297,0.0222168611020118
3807,348,0.0221946442409098
3808,387,0.0221724495966689
3809,291,0.0221502771470722
3810,312,0.0221281268699252
3811,255,0.0221059987430553
3812,537,0.0220838927443122
3813,393,0.0220618088515679
3814,603,0.0220397470427163
3815,582,0.0220177072956736
3816,384,0.0219956895883779
3817,246,0.0219736938987896
3818,246,0.0219517202048908
3819,303,0.0219297684846859
3820,420,0.0219078387162012
3821,246,0.021885930877485
3822,93,0.0218640449466075
3823,282,0.0218421809016609
3824,300,0.0218203387207592
3825,471,0.0217985183820385
3826,252,0.0217767198636564
3827,1023,0.0217549431437928
3828,273,0.021733188200649
3829,396,0.0217114550124483
3830,471,0.0216897435574359
3831,282,0.0216680538138784
3832,198,0.0216463857600646
3833,315,0.0216247393743045
3834,201,0.0216031146349302
3835,393,0.0215815115202953
3836,438,0.021559930008775
3837,465,0.0215383700787662
3838,291,0.0215168317086874
3839,192,0.0214953148769787
3840,282,0.0214738195621018
3841,783,0.0214523457425397
3842,291,0.0214308933967971
3843,276,0.0214094625034003
3844,291,0.0213880530408969
3845,144,0.021366664987856
3846,315,0.0213452983228682
3847,810,0.0213239530245453
3848,558,0.0213026290715208
3849,300,0.0212813264424492
3850,150,0.0212600451160068
3851,309,0.0212387850708908
3852,558,0.0212175462858199
3853,246,0.0211963287395341
3854,255,0.0211751324107945
3855,282,0.0211539572783837
3856,312,0.0211328033211054
3857,561,0.0211116705177843
3858,267,0.0210905588472665
3859,270,0.0210694682884192
3860,300,0.0210483988201308
3861,345,0.0210273504213107
3862,282,0.0210063230708893
3863,213,0.0209853167478185
3864,525,0.0209643314310706
3865,282,0.0209433670996396
3866,192,0.0209224237325399
3867,213,0.0209015013088074
3868,366,0.0208805998074986
3869,393,0.0208597192076911
3870,270,0.0208388594884834
3871,156,0.0208180206289949
3872,375,0.0207972026083659
3873,234,0.0207764054057575
3874,189,0.0207556290003518
3875,429,0.0207348733713514
3876,135,0.0207141384979801
3877,561,0.0206934243594821
3878,156,0.0206727309351226
3879,270,0.0206520582041875
3880,552,0.0206314061459833
3881,450,0.0206107747398373
3882,1014,0.0205901639650975
3883,144,0.0205695738011324
3884,789,0.0205490042273312
3885,246,0.0205284552231039
3886,291,0.0205079267678808
3887,189,0.0204874188411129
3888,291,0.0204669314222718
3889,438,0.0204464644908495
3890,741,0.0204260180263587
3891,783,0.0204055920083323
3892,213,0.020385186416324
3893,135,0.0203648012299077
3894,810,0.0203444364286778
3895,471,0.0203240919922491
3896,201,0.0203037679002568
3897,246,0.0202834641323566
3898,393,0.0202631806682242
3899,252,0.020242917487556
3900,339,0.0202226745700685
3901,252,0.0202024518954984
3902,483,0.0201822494436029
3903,360,0.0201620671941593
3904,963,0.0201419051269651
3905,339,0.0201217632218382
3906,300,0.0201016414586163
3907,189,0.0200815398171577
3908,522,0.0200614582773405
3909,408,0.0200413968190632
3910,318,0.0200213554222441
3911,135,0.0200013340668219
3912,333,0.0199813327327551
3913,192,0.0199613514000223
3914,303,0.0199413900486223
3915,183,0.0199214486585737
3916,291,0.0199015272099151
3917,633,0.0198816256827052
3918,66,0.0198617440570225
3919,252,0.0198418823129655
3920,246,0.0198220404306525
3921,585,0.0198022183902218
3922,282,0.0197824161718316
3923,201,0.0197626337556598
3924,405,0.0197428711219041
3925,198,0.0197231282507822
3926,282,0.0197034051225314
3927,303,0.0196837017174089
3928,390,0.0196640180156915
3929,246,0.0196443539976758
3930,537,0.0196247096436781
3931,381,0.0196050849340345
3932,189,0.0195854798491004
3933,279,0.0195658943692513
3934,576,0.0195463284748821
3935,192,0.0195267821464072
3936,282,0.0195072553642608
3937,246,0.0194877481088965
3938,300,0.0194682603607876
3939,159,0.0194487921004268
3940,123,0.0194293433083264
3941,291,0.0194099139650181
3942,312,0.0193905040510531
3943,522,0.019371113547002
3944,582,0.019351742433455
3945,111,0.0193323906910216
3946,246,0.0193130583003305
3947,1248,0.0192937452420302
3948,246,0.0192744514967882
3949,291,0.0192551770452914
3950,552,0.0192359218682461
3951,405,0.0192166859463778
3952,168,0.0191974692604315
3953,201,0.019178271791171
3954,192,0.0191590935193799
3955,516,0.0191399344258605
3956,309,0.0191207944914346
3957,357,0.0191016736969432
3958,201,0.0190825720232462
3959,573,0.019063489451223
3960,282,0.0190444259617718
3961,282,0.01902538153581
3962,246,0.0190063561542742
3963,582,0.0189873497981199
3964,720,0.0189683624483218
3965,282,0.0189493940858735
3966,276,0.0189304446917876
3967,522,0.0189115142470958
3968,321,0.0188926027328487
3969,213,0.0188737101301159
3970,315,0.0188548364199858
3971,468,0.0188359815835658
3972,246,0.0188171456019822
3973,246,0.0187983284563802
3974,795,0.0187795301279238
3975,246,0.0187607505977959
3976,189,0.0187419898471981
3977,252,0.0187232478573509
3978,135,0.0187045246094936
3979,336,0.0186858200848841
3980,270,0.0186671342647992
3981,735,0.0186484671305344
3982,132,0.0186298186634039
3983,201,0.0186111888447405
3984,363,0.0185925776558957
3985,441,0.0185739850782398
3986,258,0.0185554110931616
3987,888,0.0185368556820684
3988,252,0.0185183188263864
3989,177,0.01849980050756
3990,168,0.0184813007070524
3991,609,0.0184628194063454
3992,189,0.018444356586939
3993,150,0.0184259122303521
3994,162,0.0184074863181217
3995,627,0.0183890788318036
3996,777,0.0183706897529718
3997,258,0.0183523190632188
3998,630,0.0183339667441556
3999,144,0.0183156327774114
4000,435,0.018297317144634
4001,405,0.0182790198274894
4002,201,0.0182607408076619
4003,276,0.0182424800668542
4004,339,0.0182242375867874
4005,1047,0.0182060133492006
4006,255,0.0181878073358514
4007,321,0.0181696195285156
4008,471,0.018151449908987
4009,471,0.018133298459078
4010,246,0.018115165160619
4011,270,0.0180970499954584
4012,288,0.0180789529454629
4013,246,0.0180608739925174
4014,717,0.0180428131185249
4015,354,0.0180247703054064
4016,141,0.018006745535101
4017,339,0.0179887387895659
4018,303,0.0179707500507763
4019,204,0.0179527793007255
4020,246,0.0179348265214248
4021,516,0.0179168916949034
4022,438,0.0178989748032085
4023,339,0.0178810758284053
4024,141,0.0178631947525769
4025,585,0.0178453315578243
4026,582,0.0178274862262665
4027,282,0.0178096587400402
4028,40,0.0177918490813002
4029,201,0.0177740572322189
4030,561,0.0177562831749866
4031,675,0.0177385268918117
4032,366,0.0177207883649198
4033,366,0.0177030675765549
4034,255,0.0176853645089784
4035,441,0.0176676791444694
4036,420,0.0176500114653249
4037,303,0.0176323614538596
4038,405,0.0176147290924057
4039,387,0.0175971143633133
4040,1302,0.01757951724895
4041,189,0.0175619377317011
4042,312,0.0175443757939694
4043,354,0.0175268314181754
4044,525,0.0175093045867572
4045,303,0.0174917952821705
4046,663,0.0174743034868883
4047,357,0.0174568291834014
4048,855,0.017439372354218
4049,144,0.0174219329818638
4050,369,0.0174045110488819
4051,471,0.017387106537833
4052,276,0.0173697194312952
4053,843,0.0173523497118639
4054,405,0.017334997362152
4055,741,0.0173176623647899
4056,381,0.0173003447024251
4057,246,0.0172830443577227
4058,168,0.0172657613133649
4059,396,0.0172484955520516
4060,270,0.0172312470564995
4061,615,0.017214015809443
4062,561,0.0171968017936336
4063,315,0.01717960499184
4064,252,0.0171624253868481
4065,360,0.0171452629614613
4066,312,0.0171281176984998
4067,288,0.0171109895808013
4068,201,0.0170938785912205
4069,786,0.0170767847126293
4070,360,0.0170597079279167
4071,303,0.0170426482199887
4072,414,0.0170256055717687
4073,438,0.017008579966197
4074,426,0.0169915713862308
4075,159,0.0169745798148445
4076,168,0.0169576052350297
4077,360,0.0169406476297947
4078,300,0.0169237069821649
4079,708,0.0169067832751827
4080,453,0.0168898764919075
4081,582,0.0168729866154156
4082,255,0.0168561136288002
4083,477,0.0168392575151714
4084,516,0.0168224182576562
4085,336,0.0168055958393986
4086,159,0.0167887902435592
4087,339,0.0167720014533156
4088,405,0.0167552294518623
4089,246,0.0167384742224104
4090,429,0.016721735748188
4091,219,0.0167050140124398
4092,246,0.0166883089984274
4093,294,0.016671620689429
4094,567,0.0166549490687396
4095,261,0.0166382941196708
4096,585,0.0166216558255511
4097,369,0.0166050341697256
4098,282,0.0165884291355559
4099,516,0.0165718407064203
4100,252,0.0165552688657139
4101,360,0.0165387135968482
4102,561,0.0165221748832513
4103,201,0.0165056527083681
4104,246,0.0164891470556597
4105,222,0.016472657908604
4106,288,0.0164561852506954
4107,348,0.0164397290654448
4108,309,0.0164232893363793
4109,363,0.0164068660470429
4110,90,0.0163904591809959
4111,333,0.0163740687218149
4112,381,0.0163576946530931
4113,246,0.01634133695844
4114,282,0.0163249956214815
4115,405,0.0163086706258601
4116,144,0.0162923619552342
4117,627,0.016276069593279
4118,720,0.0162597935236857
4119,189,0.016243533730162
4120,201,0.0162272901964318
4121,270,0.0162110629062354
4122,168,0.0161948518433292
4123,519,0.0161786569914858
4124,606,0.0161624783344944
4125,336,0.0161463158561599
4126,405,0.0161301695403037
4127,246,0.0161140393707634
4128,282,0.0160979253313926
4129,414,0.0160818274060612
4130,405,0.0160657455786552
4131,312,0.0160496798330765
4132,246,0.0160336301532434
4133,294,0.0160175965230902
4134,276,0.0160015789265671
4135,471,0.0159855773476405
4136,312,0.0159695917702929
4137,228,0.0159536221785226
4138,279,0.0159376685563441
4139,552,0.0159217308877877
4140,135,0.0159058091569
4141,240,0.0158899033477431
4142,303,0.0158740134443953
4143,255,0.0158581394309509
4144,270,0.01584228129152
4145,255,0.0158264390102284
4146,246,0.0158106125712182
4147,471,0.015794801958647
4148,192,0.0157790071566884
4149,618,0.0157632281495317
4150,90,0.0157474649213821
4151,168,0.0157317174564608
4152,201,0.0157159857390043
4153,552,0.0157002697532653
4154,282,0.015684569483512
4155,273,0.0156688849140285
4156,270,0.0156532160291145
4157,336,0.0156375628130854
4158,270,0.0156219252502723
4159,342,0.015606303325022
4160,516,0.015590697021697
4161,483,0.0155751063246753
4162,438,0.0155595312183506
4163,168,0.0155439716871323
4164,1185,0.0155284277154451
4165,399,0.0155128992877297
4166,357,0.015497386388442
4167,201,0.0154818890020535
4168,663,0.0154664071130515
4169,402,0.0154509407059384
4170,153,0.0154354897652325
4171,354,0.0154200542754672
4172,453,0.0154046342211918
4173,561,0.0153892295869706
4174,522,0.0153738403573836
4175,1035,0.0153584665170262
4176,579,0.0153431080505092
4177,303,0.0153277649424587
4178,504,0.0153124371775162
4179,303,0.0152971247403387
4180,315,0.0152818276155984
4181,282,0.0152665457879828
4182,168,0.0152512792421948
4183,525,0.0152360279629526
4184,246,0.0152207919349896
4185,528,0.0152055711430547
4186,762,0.0151903655719116
4187,336,0.0151751752063397
4188,540,0.0151600000311334
4189,735,0.0151448400311022
4190,168,0.0151296951910711
4191,255,0.01511456549588
4192,153,0.0150994509303842
4193,381,0.0150843514794538
4194,483,0.0150692671279743
4195,303,0.0150541978608464
4196,582,0.0150391436629855
4197,537,0.0150241045193225
4198,990,0.0150090804148032
4199,192,0.0149940713343884
4200,405,0.014979077263054
4201,255,0.014964098185791
4202,249,0.0149491340876052
4203,345,0.0149341849535176
4204,270,0.014919250768564
4205,405,0.0149043315177955
4206,1113,0.0148894271862777
4207,246,0.0148745377590914
4208,606,0.0148596632213323
4209,192,0.014844803558111
4210,192,0.0148299587545529
4211,762,0.0148151287957983
4212,759,0.0148003136670025
4213,516,0.0147855133533355
4214,1395,0.0147707278399822
4215,246,0.0147559571121422
4216,339,0.0147412011550301
4217,582,0.014726459953875
4218,789,0.0147117334939211
4219,249,0.0146970217604272
4220,495,0.0146823247386668
4221,246,0.0146676424139281
4222,309,0.0146529747715142
4223,339,0.0146383217967427
4224,300,0.0146236834749459
4225,876,0.014609059791471
4226,594,0.0145944507316795
4227,540,0.0145798562809478
4228,168,0.0145652764246669
4229,585,0.0145507111482422
4230,372,0.014536160437094
4231,519,0.0145216242766569
4232,165,0.0145071026523802
4233,189,0.0144925955497279
4234,75,0.0144781029541781
4235,426,0.014463624851224
4236,246,0.0144491612263727
4237,393,0.0144347120651464
4238,132,0.0144202773530812
4239,201,0.0144058570757281
4240,426,0.0143914512186524
4241,867,0.0143770597674338
4242,279,0.0143626827076663
4243,276,0.0143483200249587
4244,189,0.0143339717049337
4245,966,0.0143196377332288
4246,426,0.0143053180954955
4247,282,0.0142910127774
4248,267,0.0142767217646226
4249,339,0.014262445042858
4250,393,0.0142481825978152
4251,189,0.0142339344152173
4252,831,0.0142197004808021
4253,189,0.0142054807803213
4254,228,0.014191275299541
4255,246,0.0141770840242415
4256,246,0.0141629069402172
4257,405,0.014148744033277
4258,168,0.0141345952892437
4259,471,0.0141204606939545
4260,282,0.0141063402332605
4261,753,0.0140922338930273
4262,246,0.0140781416591342
4263,351,0.0140640635174751
4264,282,0.0140499994539576
4265,462,0.0140359494545037
4266,201,0.0140219135050492
4267,384,0.0140078915915441
4268,189,0.0139938836999526
4269,687,0.0139798898162526
4270,552,0.0139659099264364
4271,393,0.0139519440165099
4272,312,0.0139379920724934
4273,276,0.0139240540804209
4274,246,0.0139101300263405
4275,267,0.0138962198963142
4276,651,0.0138823236764179
4277,330,0.0138684413527414
4278,192,0.0138545729113887
4279,822,0.0138407183384773
4280,201,0.0138268776201388
4281,336,0.0138130507425187
4282,522,0.0137992376917762
4283,69,0.0137854384540844
4284,246,0.0137716530156303
4285,153,0.0137578813626147
4286,312,0.0137441234812521
4287,480,0.0137303793577708
4288,357,0.013716648978413
4289,237,0.0137029323294346
4290,351,0.0136892293971052
4291,165,0.0136755401677081
4292,300,0.0136618646275404
4293,441,0.0136482027629128
4294,246,0.0136345545601499
4295,282,0.0136209200055898
4296,246,0.0136072990855842
4297,663,0.0135936917864986
4298,363,0.0135800980947121
4299,360,0.0135665179966174
4300,408,0.0135529514786208
4301,282,0.0135393985271422
4302,723,0.013525859128615
4303,159,0.0135123332694864
4304,165,0.0134988209362169
4305,249,0.0134853221152807
4306,201,0.0134718367931654
4307,921,0.0134583649563722
4308,270,0.0134449065914159
4309,618,0.0134314616848245
4310,234,0.0134180302231396
4311,267,0.0134046121929165
4312,288,0.0133912075807236
4313,204,0.0133778163731429
4314,645,0.0133644385567697
4315,624,0.0133510741182129
4316,459,0.0133377230440947
4317,540,0.0133243853210506
4318,192,0.0133110609357296
4319,729,0.0132977498747939
4320,291,0.0132844521249191
4321,246,0.0132711676727941
4322,294,0.0132578965051213
4323,252,0.0132446386086162
4324,267,0.0132313939700076
4325,189,0.0132181625760376
4326,162,0.0132049444134616
4327,252,0.0131917394690481
4328,201,0.0131785477295791
4329,225,0.0131653691818495
4330,414,0.0131522038126676
4331,372,0.013139051608855
4332,471,0.0131259125572461
4333,333,0.0131127866446889
4334,339,0.0130996738580442
4335,336,0.0130865741841861
4336,249,0.0130734876100019
4337,246,0.0130604141223919
4338,159,0.0130473537082695
4339,324,0.0130343063545613
4340,315,0.0130212720482067
4341,264,0.0130082507761585
4342,246,0.0129952425253823
4343,291,0.012982247282857
4344,168,0.0129692650355741
4345,213,0.0129562957705385
4346,405,0.012943339474768
4347,309,0.0129303961352932
4348,414,0.0129174657391579
4349,627,0.0129045482734188
4350,423,0.0128916437251454
4351,282,0.0128787520814202
4352,201,0.0128658733293388
4353,321,0.0128530074560094
4354,471,0.0128401544485534
4355,282,0.0128273142941049
4356,309,0.0128144869798108
4357,192,0.012801672492831
4358,270,0.0127888708203381
4359,291,0.0127760819495178
4360,651,0.0127633058675683
4361,561,0.0127505425617007
4362,156,0.012737792019139
4363,189,0.0127250542271199
4364,321,0.0127123291728928
4365,285,0.0126996168437199
4366,729,0.0126869172268761
4367,189,0.0126742303096493
4368,246,0.0126615560793396
4369,519,0.0126488945232603
4370,303,0.012636245628737
4371,213,0.0126236093831083
4372,315,0.0126109857737252
4373,393,0.0125983747879515
4374,252,0.0125857764131635
4375,318,0.0125731906367503
4376,720,0.0125606174461136
4377,255,0.0125480568286675
4378,495,0.0125355087718388
4379,168,0.012522973263067
4380,192,0.0125104502898039
4381,336,0.0124979398395141
4382,810,0.0124854418996746
4383,414,0.0124729564577749
4384,1011,0.0124604835013171
4385,495,0.0124480230178158
4386,561,0.012435574994798
4387,339,0.0124231394198032
4388,414,0.0124107162803834
4389,279,0.012398305564103
4390,189,0.0123859072585389
4391,414,0.0123735213512804
4392,270,0.0123611478299291
4393,669,0.0123487866820992
4394,405,0.0123364378954171
4395,255,0.0123241014575216
4396,270,0.0123117773560641
4397,360,0.0122994655787081
4398,387,0.0122871661131294
4399,264,0.0122748789470162
4400,192,0.0122626040680692
4401,246,0.0122503414640011
4402,762,0.0122380911225371
4403,246,0.0122258530314146
4404,588,0.0122136271783832
4405,312,0.0122014135512048
4406,246,0.0121892121376536
4407,237,0.0121770229255159
4408,189,0.0121648459025904
4409,204,0.0121526810566878
4410,291,0.0121405283756311
4411,627,0.0121283878472555
4412,354,0.0121162594594083
4413,153,0.0121041431999489
4414,609,0.0120920390567489
4415,87,0.0120799470176922
4416,354,0.0120678670706745
4417,360,0.0120557992036038
4418,654,0.0120437434044002
4419,435,0.0120316996609958
4420,279,0.0120196679613348
4421,279,0.0120076482933735
4422,267,0.0119956406450801
4423,189,0.011983645004435
4424,609,0.0119716613594306
4425,135,0.0119596896980711
4426,342,0.0119477300083731
4427,252,0.0119357822783647
4428,393,0.0119238464960863
4429,516,0.0119119226495902
4430,651,0.0119000107269407
4431,393,0.0118881107162137
4432,639,0.0118762226054975
4433,282,0.011864346382892
4434,306,0.0118524820365091
4435,402,0.0118406295544726
4436,255,0.0118287889249181
4437,168,0.0118169601359932
4438,261,0.0118051431758572
4439,582,0.0117933380326814
4440,345,0.0117815446946487
4441,405,0.011769763149954
4442,90,0.0117579933868041
4443,306,0.0117462353934173
4444,405,0.0117344891580239
4445,282,0.0117227546688658
4446,471,0.011711031914197
4447,438,0.0116993208822828
4448,390,0.0116876215614005
4449,339,0.0116759339398391
4450,606,0.0116642580058992
4451,291,0.0116525937478933
4452,192,0.0116409411541454
4453,282,0.0116293002129913
4454,351,0.0116176709127783
4455,405,0.0116060532418655
4456,987,0.0115944471886237
4457,246,0.011582852741435
4458,291,0.0115712698886936
4459,435,0.0115596986188049
4460,204,0.0115481389201861
4461,405,0.0115365907812659
4462,168,0.0115250541904847
4463,282,0.0115135291362942
4464,663,0.0115020156071579
4465,189,0.0114905135915507
4466,507,0.0114790230779592
4467,144,0.0114675440548812
4468,255,0.0114560765108263
4469,507,0.0114446204343155
4470,270,0.0114331758138812
4471,246,0.0114217426380673
4472,252,0.0114103208954292
4473,525,0.0113989105745338
4474,354,0.0113875116639593
4475,336,0.0113761241522953
4476,321,0.011364748028143
4477,270,0.0113533832801149
4478,438,0.0113420298968348
4479,201,0.0113306878669379
4480,426,0.011319357179071
4481,405,0.0113080378218919
4482,273,0.01129672978407
4483,426,0.011285433054286
4484,564,0.0112741476212317
4485,732,0.0112628734736104
4486,405,0.0112516106001368
4487,405,0.0112403589895367
4488,270,0.0112291186305472
4489,129,0.0112178895119166
4490,675,0.0112066716224047
4491,303,0.0111954649507823
4492,516,0.0111842694858315
4493,252,0.0111730852163457
4494,360,0.0111619121311293
4495,552,0.0111507502189982
4496,147,0.0111395994687792
4497,135,0.0111284598693104
4498,330,0.0111173314094411
4499,333,0.0111062140780317
4500,168,0.0110951078639536
4501,426,0.0110840127560897
4502,252,0.0110729287433336
4503,402,0.0110618558145903
4504,255,0.0110507939587757
4505,123,0.0110397431648169
4506,204,0.0110287034216521
4507,303,0.0110176747182304
4508,405,0.0110066570435122
4509,579,0.0109956503864687
4510,303,0.0109846547360822
4511,168,0.0109736700813461
4512,339,0.0109626964112648
4513,255,0.0109517337148535
4514,402,0.0109407819811387
4515,225,0.0109298411991575
4516,189,0.0109189113579584
4517,282,0.0109079924466004
4518,282,0.0108970844541538
4519,225,0.0108861873696997
4520,201,0.01087530118233
4521,282,0.0108644258811476
4522,270,0.0108535614552665
4523,444,0.0108427078938112
4524,516,0.0108318651859174
4525,339,0.0108210333207315
4526,1101,0.0108102122874108
4527,453,0.0107994020751233
4528,339,0.0107886026730482
4529,201,0.0107778140703752
4530,429,0.0107670362563048
4531,201,0.0107562692200485
4532,852,0.0107455129508284
4533,354,0.0107347674378776
4534,690,0.0107240326704397
4535,270,0.0107133086377693
4536,405,0.0107025953291315
4537,246,0.0106918927338024
4538,495,0.0106812008410686
4539,291,0.0106705196402275
4540,426,0.0106598491205873
4541,249,0.0106491892714667
4542,561,0.0106385400821953
4543,405,0.0106279015421131
4544,480,0.0106172736405709
4545,75,0.0106066563669304
4546,411,0.0105960497105634
4547,426,0.0105854536608529
4548,303,0.010574868207192
4549,237,0.0105642933389848
4550,384,0.0105537290456458
4551,330,0.0105431753166002
4552,471,0.0105326321412836
4553,516,0.0105220995091423
4554,189,0.0105115774096332
4555,672,0.0105010658322235
4556,189,0.0104905647663913
4557,282,0.0104800742016249
4558,192,0.0104695941274233
4559,336,0.0104591245332959
4560,246,0.0104486654087626
4561,312,0.0104382167433538
4562,357,0.0104277785266105
4563,300,0.0104173507480839
4564,360,0.0104069333973358
4565,336,0.0103965264639384
4566,663,0.0103861299374745
4567,69,0.010375743807537
4568,360,0.0103653680637295
4569,456,0.0103550026956658
4570,414,0.0103446476929701
4571,246,0.0103343030452771
4572,462,0.0103239687422318
4573,201,0.0103136447734896
4574,246,0.0103033311287161
4575,168,0.0102930277975874
4576,654,0.0102827347697898
4577,300,0.01027245203502
4578,189,0.010262179582985
4579,498,0.010251917403402
4580,165,0.0102416654859986
4581,102,0.0102314238205126
4582,270,0.0102211923966921
4583,1518,0.0102109712042954
4584,405,0.0102007602330911
4585,324,0.010190559472858
4586,213,0.0101803689133852
4587,246,0.0101701885444718
4588,783,0.0101600183559273
4589,405,0.0101498583375714
4590,579,0.0101397084792338
4591,546,0.0101295687707546
4592,315,0.0101194392019838
4593,246,0.0101093197627818
4594,168,0.0100992104430191
4595,201,0.010089111232576
4596,159,0.0100790221213435
4597,471,0.0100689430992221
4598,189,0.0100588741561229
4599,384,0.0100488152819668
4600,393,0.0100387664666848
4601,255,0.0100287277002181
4602,303,0.0100186989725179
4603,360,0.0100086802735454
4604,300,0.01
4605,291,0.01
4606,426,0.01
4607,204,0.01
4608,321,0.01
4609,384,0.01
4610,552,0.01
4611,369,0.01
4612,405,0.01
4613,348,0.01
4614,201,0.01
4615,339,0.01
4616,414,0.01
4617,333,0.01
4618,213,0.01
4619,438,0.01
4620,402,0.01
4621,291,0.01
4622,429,0.01
4623,510,0.01
4624,255,0.01
4625,405,0.01
4626,156,0.01
4627,291,0.01
4628,561,0.01
4629,246,0.01
4630,249,0.01
4631,513,0.01
4632,291,0.01
4633,891,0.01
4634,255,0.01
4635,354,0.01
4636,897,0.01
4637,405,0.01
4638,321,0.01
4639,282,0.01
4640,360,0.01
4641,273,0.01
4642,405,0.01
4643,246,0.01
4644,246,0.01
4645,336,0.01
4646,522,0.01
4647,201,0.01
4648,336,0.01
4649,687,0.01
4650,168,0.01
4651,111,0.01
4652,609,0.01
4653,282,0.01
4654,201,0.01
4655,231,0.01
4656,528,0.01
4657,384,0.01
4658,384,0.01
4659,339,0.01
4660,354,0.01
4661,204,0.01
4662,339,0.01
4663,99,0.01
4664,144,0.01
4665,393,0.01
4666,168,0.01
4667,246,0.01
4668,222,0.01
4669,225,0.01
4670,363,0.01
4671,405,0.01
4672,315,0.01
4673,402,0.01
4674,282,0.01
4675,444,0.01
4676,429,0.01
4677,141,0.01
4678,405,0.01
4679,648,0.01
4680,282,0.01
4681,405,0.01
4682,270,0.01
4683,135,0.01
4684,405,0.01
4685,606,0.01
4686,675,0.01
4687,303,0.01
4688,255,0.01
4689,369,0.01
4690,168,0.01
4691,570,0.01
4692,402,0.01
4693,588,0.01
4694,519,0.01
4695,852,0.01
4696,405,0.01
4697,360,0.01
4698,408,0.01
4699,135,0.01
4700,189,0.01
4701,573,0.01
4702,267,0.01
4703,357,0.01
4704,411,0.01
4705,312,0.01
4706,303,0.01
4707,429,0.01
4708,201,0.01
4709,414,0.01
4710,540,0.01
4711,594,0.01
4712,336,0.01
4713,516,0.01
4714,852,0.01
4715,246,0.01
4716,189,0.01
4717,192,0.01
4718,495,0.01
4719,240,0.01
4720,246,0.01
4721,312,0.01
4722,528,0.01
4723,252,0.01
4724,528,0.01
4725,360,0.01
4726,282,0.01
4727,336,0.01
4728,411,0.01
4729,270,0.01
4730,615,0.01
4731,414,0.01
4732,282,0.01
4733,393,0.01
4734,285,0.01
4735,405,0.01
4736,273,0.01
4737,339,0.01
4738,270,0.01
4739,426,0.01
4740,69,0.01
4741,291,0.01
4742,855,0.01
4743,675,0.01
4744,582,0.01
4745,714,0.01
4746,168,0.01
4747,630,0.01
4748,741,0.01
4749,789,0.01
4750,696,0.01
4751,246,0.01
4752,405,0.01
4753,603,0.01
4754,315,0.01
4755,231,0.01
4756,426,0.01
4757,360,0.01
4758,525,0.01
4759,420,0.01
4760,141,0.01
4761,471,0.01
4762,270,0.01
4763,144,0.01
4764,606,0.01
4765,375,0.01
4766,924,0.01
4767,411,0.01
4768,246,0.01
4769,312,0.01
4770,471,0.01
4771,753,0.01
4772,360,0.01
4773,141,0.01
4774,192,0.01
4775,246,0.01
4776,246,0.01
4777,282,0.01
4778,648,0.01
4779,252,0.01
4780,318,0.01
4781,354,0.01
4782,201,0.01
4783,291,0.01
4784,159,0.01
4785,282,0.01
4786,261,0.01
4787,252,0.01
4788,201,0.01
4789,246,0.01
4790,246,0.01
4791,552,0.01
4792,276,0.01
4793,822,0.01
4794,135,0.01
4795,294,0.01
4796,303,0.01
4797,246,0.01
4798,189,0.01
4799,75,0.01
4800,249,0.01
4801,249,0.01
4802,255,0.01
4803,441,0.01
4804,354,0.01
4805,471,0.01
4806,294,0.01
4807,702,0.01
4808,405,0.01
4809,393,0.01
4810,315,0.01
4811,300,0.01
4812,339,0.01
4813,597,0.01
4814,315,0.01
4815,303,0.01
4816,153,0.01
4817,189,0.01
4818,573,0.01
4819,291,0.01
4820,486,0.01
4821,720,0.01
4822,312,0.01
4823,66,0.01
4824,168,0.01
4825,201,0.01
4826,336,0.01
4827,675,0.01
4828,330,0.01
4829,573,0.01
4830,1008,0.01
4831,438,0.01
4832,438,0.01
4833,333,0.01
4834,336,0.01
4835,156,0.01
4836,252,0.01
4837,315,0.01
4838,516,0.01
4839,336,0.01
4840,291,0.01
4841,540,0.01
4842,360,0.01
4843,303,0.01
4844,714,0.01
4845,720,0.01
4846,318,0.01
4847,291,0.01
4848,318,0.01
4849,657,0.01
4850,690,0.01
4851,612,0.01
4852,282,0.01
4853,411,0.01
4854,732,0.01
4855,201,0.01
4856,507,0.01
4857,639,0.01
4858,354,0.01
4859,438,0.01
4860,267,0.01
4861,291,0.01
4862,246,0.01
4863,528,0.01
4864,282,0.01
4865,69,0.01
4866,213,0.01
4867,333,0.01
4868,510,0.01
4869,549,0.01
4870,966,0.01
4871,807,0.01
4872,246,0.01
4873,282,0.01
4874,189,0.01
4875,450,0.01
4876,393,0.01
4877,189,0.01
4878,807,0.01
4879,192,0.01
4880,339,0.01
4881,81,0.01
4882,246,0.01
4883,378,0.01
4884,168,0.01
4885,1011,0.01
4886,246,0.01
4887,282,0.01
4888,930,0.01
4889,543,0.01
4890,552,0.01
4891,156,0.01
4892,255,0.01
4893,336,0.01
4894,426,0.01
4895,201,0.01
4896,60,0.01
4897,354,0.01
4898,570,0.01
4899,270,0.01
4900,351,0.01
4901,246,0.01
4902,189,0.01
4903,714,0.01
4904,291,0.01
4905,204,0.01
4906,165,0.01
4907,516,0.01
4908,441,0.01
4909,288,0.01
4910,261,0.01
4911,384,0.01
4912,303,0.01
4913,1263,0.01
4914,282,0.01
4915,582,0.01
4916,189,0.01
4917,792,0.01
4918,246,0.01
4919,441,0.01
4920,795,0.01
4921,1080,0.01
4922,279,0.01
4923,336,0.01
4924,246,0.01
4925,516,0.01
4926,237,0.01
4927,522,0.01
4928,282,0.01
4929,216,0.01
4930,255,0.01
4931,354,0.01
4932,189,0.01
4933,1002,0.01
4934,414,0.01
4935,300,0.01
4936,528,0.01
4937,303,0.01
4938,588,0.01
4939,810,0.01
4940,339,0.01
4941,246,0.01
4942,291,0.01
4943,405,0.01
4944,381,0.01
4945,213,0.01
4946,294,0.01
4947,246,0.01
4948,189,0.01
4949,252,0.01
4950,189,0.01
4951,246,0.01
4952,696,0.01
4953,360,0.01
4954,912,0.01
4955,168,0.01
4956,135,0.01
4957,582,0.01
4958,246,0.01
4959,294,0.01
4960,384,0.01
4961,723,0.01
4962,525,0.01
4963,405,0.01
4964,303,0.01
4965,276,0.01
4966,783,0.01
4967,354,0.01
4968,513,0.01
4969,1158,0.01
4970,168,0.01
4971,360,0.01
4972,816,0.01
4973,336,0.01
4974,291,0.01
4975,384,0.01
4976,462,0.01
4977,522,0.01
4978,294,0.01
4979,540,0.01
4980,270,0.01
4981,321,0.01
4982,303,0.01
4983,732,0.01
4984,204,0.01
4985,1011,0.01
4986,246,0.01
4987,279,0.01
4988,312,0.01
4989,294,0.01
4990,471,0.01
4991,405,0.01
4992,453,0.01
4993,540,0.01
4994,657,0.01
4995,303,0.01
4996,405,0.01
4997,246,0.01
4998,246,0.01
4999,876,0.01
5000,270,0.01
5001,585,0.01
5002,954,0.01
5003,405,0.01
5004,405,0.01
5005,675,0.01
5006,189,0.01
5007,351,0.01
5008,246,0.01
5009,1047,0.01
5010,516,0.01
5011,249,0.01
5012,252,0.01
5013,192,0.01
5014,255,0.01
5015,201,0.01
5016,168,0.01
5017,822,0.01
5018,357,0.01
5019,375,0.01
5020,210,0.01
5021,282,0.01
5022,246,0.01
5023,417,0.01
5024,579,0.01
5025,201,0.01
5026,351,0.01
5027,354,0.01
5028,390,0.01
5029,246,0.01
5030,354,0.01
5031,279,0.01
5032,294,0.01
5033,912,0.01
5034,687,0.01
5035,315,0.01
5036,333,0.01
5037,378,0.01
5038,336,0.01
5039,351,0.01
5040,789,0.01
5041,606,0.01
5042,192,0.01
5043,393,0.01
5044,1326,0.01
5045,396,0.01
5046,402,0.01
5047,873,0.01
5048,255,0.01
5049,237,0.01
5050,801,0.01
5051,540,0.01
5052,495,0.01
5053,354,0.01
5054,291,0.01
5055,189,0.01
5056,690,0.01
5057,582,0.01
5058,525,0.01
5059,282,0.01
5060,252,0.01
5061,282,0.01
5062,390,0.01
5063,159,0.01
5064,282,0.01
5065,759,0.01
5066,288,0.01
5067,516,0.01
5068,966,0.01
5069,270,0.01
5070,1158,0.01
5071,285,0.01
5072,267,0.01
5073,291,0.01
5074,564,0.01
5075,339,0.01
5076,426,0.01
5077,291,0.01
5078,294,0.01
5079,381,0.01
5080,705,0.01
5081,642,0.01
5082,552,0.01
5083,486,0.01
5084,375,0.01
5085,570,0.01
5086,339,0.01
5087,153,0.01
5088,264,0.01
5089,339,0.01
5090,786,0.01
5091,426,0.01
5092,189,0.01
5093,741,0.01
5094,606,0.01
5095,339,0.01
5096,339,0.01
5097,360,0.01
5098,168,0.01
5099,483,0.01
5100,1476,0.01
5101,246,0.01
5102,720,0.01
5103,246,0.01
5104,192,0.01
5105,213,0.01
5106,312,0.01
5107,396,0.01
5108,459,0.01
5109,561,0.01
5110,336,0.01
5111,135,0.01
5112,201,0.01
5113,462,0.01
5114,246,0.01
5115,585,0.01
5116,240,0.01
5117,246,0.01
5118,720,0.01
5119,258,0.01
5120,246,0.01
5121,567,0.01
5122,246,0.01
5123,840,0.01
5124,201,0.01
5125,219,0.01
5126,789,0.01
5127,300,0.01
5128,270,0.01
5129,246,0.01
5130,165,0.01
5131,315,0.01
5132,528,0.01
5133,336,0.01
5134,405,0.01
5135,252,0.01
5136,282,0.01
5137,519,0.01
5138,141,0.01
5139,420,0.01
5140,933,0.01
5141,333,0.01
5142,720,0.01
5143,258,0.01
5144,189,0.01
5145,471,0.01
5146,333,0.01
5147,558,0.01
5148,270,0.01
5149,789,0.01
5150,546,0.01
5151,651,0.01
5152,246,0.01
5153,282,0.01
5154,360,0.01
5155,246,0.01
5156,135,0.01
5157,537,0.01
5158,405,0.01
5159,78,0.01
5160,255,0.01
5161,393,0.01
5162,312,0.01
5163,573,0.01
5164,270,0.01
5165,483,0.01
5166,255,0.01
5167,252,0.01
5168,540,0.01
5169,189,0.01
5170,528,0.01
5171,393,0.01
5172,570,0.01
5173,471,0.01
5174,603,0.01
5175,573,0.01
5176,270,0.01
5177,363,0.01
5178,201,0.01
5179,339,0.01
5180,402,0.01
5181,303,0.01
5182,459,0.01
5183,150,0.01
5184,189,0.01
5185,405,0.01
5186,309,0.01
5187,393,0.01
5188,201,0.01
5189,438,0.01
5190,384,0.01
5191,291,0.01
5192,381,0.01
5193,471,0.01
5194,300,0.01
5195,867,0.01
5196,282,0.01
5197,273,0.01
5198,492,0.01
5199,165,0.01
5200,1056,0.01
5201,720,0.01
5202,627,0.01
5203,471,0.01
5204,282,0.01
5205,843,0.01
5206,414,0.01
5207,294,0.01
5208,1095,0.01
5209,1263,0.01
5210,438,0.01
5211,537,0.01
5212,336,0.01
5213,360,0.01
5214,246,0.01
5215,714,0.01
5216,252,0.01
5217,159,0.01
5218,582,0.01
5219,564,0.01
5220,405,0.01
5221,270,0.01
5222,405,0.01
5223,300,0.01
5224,471,0.01
5225,360,0.01
5226,618,0.01
5227,357,0.01
5228,336,0.01
5229,189,0.01
5230,483,0.01
5231,561,0.01
5232,357,0.01
5233,471,0.01
5234,1068,0.01
5235,177,0.01
5236,246,0.01
5237,516,0.01
5238,357,0.01
5239,405,0.01
5240,69,0.01
5241,153,0.01
5242,483,0.01
5243,303,0.01
5244,606,0.01
5245,405,0.01
5246,360,0.01
5247,354,0.01
5248,267,0.01
5249,270,0.01
5250,552,0.01
5251,1080,0.01
5252,912,0.01
5253,288,0.01
5254,246,0.01
5255,219,0.01
5256,402,0.01
5257,135,0.01
5258,252,0.01
5259,282,0.01
5260,144,0.01
5261,324,0.01
5262,459,0.01
5263,552,0.01
5264,852,0.01
5265,585,0.01
5266,135,0.01
5267,246,0.01
5268,582,0.01
5269,252,0.01
5270,336,0.01
5271,609,0.01
5272,522,0.01
5273,189,0.01
5274,189,0.01
5275,282,0.01
5276,501,0.01
5277,303,0.01
5278,288,0.01
5279,135,0.01
5280,255,0.01
5281,426,0.01
5282,339,0.01
5283,192,0.01
5284,189,0.01
5285,291,0.01
5286,339,0.01
5287,405,0.01
5288,267,0.01
5289,288,0.01
5290,516,0.01
5291,561,0.01
5292,360,0.01
5293,519,0.01
5294,855,0.01
5295,1263,0.01
5296,246,0.01
5297,150,0.01
5298,654,0.01
5299,696,0.01
5300,342,0.01
5301,318,0.01
5302,471,0.01
5303,582,0.01
5304,270,0.01
5305,252,0.01
5306,189,0.01
5307,807,0.01
5308,66,0.01
5309,426,0.01
5310,438,0.01
5311,384,0.01
5312,663,0.01
5313,246,0.01
5314,438,0.01
5315,255,0.01
5316,552,0.01
5317,270,0.01
5318,336,0.01
5319,315,0.01
5320,516,0.01
5321,663,0.01
5322,288,0.01
5323,252,0.01
5324,201,0.01
5325,405,0.01
5326,246,0.01
5327,552,0.01
5328,393,0.01
5329,201,0.01
5330,336,0.01
5331,201,0.01
5332,549,0.01
5333,189,0.01
5334,405,0.01
5335,237,0.01
5336,519,0.01
5337,270,0.01
5338,516,0.01
5339,402,0.01
5340,405,0.01
5341,291,0.01
5342,270,0.01
5343,618,0.01
5344,480,0.01
5345,246,0.01
5346,339,0.01
5347,189,0.01
5348,438,0.01
5349,618,0.01
5350,387,0.01
5351,405,0.01
5352,843,0.01
5353,336,0.01
5354,144,0.01
5355,729,0.01
5356,438,0.01
5357,1173,0.01
5358,327,0.01
5359,201,0.01
5360,192,0.01
5361,246,0.01
5362,975,0.01
5363,354,0.01
5364,282,0.01
5365,333,0.01
5366,639,0.01
5367,1464,0.01
5368,291,0.01
5369,141,0.01
5370,327,0.01
5371,921,0.01
5372,246,0.01
5373,360,0.01
5374,516,0.01
5375,873,0.01
5376,273,0.01
5377,678,0.01
5378,270,0.01
5379,528,0.01
5380,405,0.01
5381,288,0.01
5382,1011,0.01
5383,369,0.01
5384,339,0.01
5385,360,0.01
5386,942,0.01
5387,336,0.01
5388,552,0.01
5389,357,0.01
5390,303,0.01
5391,147,0.01
5392,480,0.01
5393,132,0.01
5394,252,0.01
5395,585,0.01
5396,696,0.01
5397,303,0.01
5398,549,0.01
5399,324,0.01
5400,336,0.01
5401,360,0.01
5402,255,0.01
5403,243,0.01
5404,246,0.01
5405,324,0.01
5406,864,0.01
5407,336,0.01
5408,201,0.01
5409,519,0.01
5410,156,0.01
5411,255,0.01
5412,249,0.01
5413,282,0.01
5414,249,0.01
5415,588,0.01
5416,381,0.01
5417,360,0.01
5418,192,0.01
5419,471,0.01
5420,264,0.01
5421,441,0.01
5422,594,0.01
5423,315,0.01
5424,336,0.01
5425,573,0.01
5426,282,0.01
5427,213,0.01
5428,243,0.01
5429,381,0.01
5430,339,0.01
5431,405,0.01
5432,354,0.01
5433,192,0.01
5434,309,0.01
5435,312,0.01
5436,336,0.01
5437,522,0.01
5438,246,0.01
5439,525,0.01
5440,177,0.01
5441,213,0.01
5442,480,0.01
5444,522,0.01
5445,570,0.01
5446,552,0.01
5447,270,0.01
5448,405,0.01
5449,561,0.01
5450,603,0.01
5451,300,0.01
5452,192,0.01
5453,246,0.01
5454,555,0.01
5455,405,0.01
5456,138,0.01
5457,1143,0.01
5458,852,0.01
5459,1398,0.01
5460,687,0.01
5461,480,0.01
5462,246,0.01
5463,459,0.01
5464,402,0.01
5465,351,0.01
5466,168,0.01
5467,201,0.01
5468,1098,0.01
5469,192,0.01
5470,1575,0.01
5471,168,0.01
5472,393,0.01
5473,339,0.01
5474,426,0.01
5475,555,0.01
5476,135,0.01
5477,258,0.01
5478,930,0.01
5479,339,0.01
5480,777,0.01
5481,360,0.01
5482,189,0.01
5483,315,0.01
5484,471,0.01
5485,246,0.01
5486,999,0.01
5487,189,0.01
5488,696,0.01
5489,384,0.01
5490,1254,0.01
5491,291,0.01
5492,414,0.01
5493,360,0.01
5494,336,0.01
5495,237,0.01
5496,189,0.01
5497,753,0.01
5498,741,0.01
5499,471,0.01
5500,315,0.01
5501,339,0.01
5502,324,0.01
5503,591,0.01
5504,291,0.01
5505,609,0.01
5506,696,0.01
5507,1392,0.01
5508,459,0.01
5509,246,0.01
5510,282,0.01
5511,210,0.01
5512,192,0.01
5513,765,0.01
5514,405,0.01
5515,282,0.01
5516,459,0.01
5517,255,0.01
5518,204,0.01
5519,786,0.01
5520,309,0.01
5521,354,0.01
5522,168,0.01
5523,324,0.01
5524,585,0.01
5525,381,0.01
5526,624,0.01
5527,405,0.01
5528,336,0.01
5529,561,0.01
5530,246,0.01
5531,1032,0.01
5532,282,0.01
5533,405,0.01
5534,675,0.01
5535,459,0.01
5536,135,0.01
5537,339,0.01
5538,282,0.01
5539,141,0.01
5540,912,0.01
5541,336,0.01
5542,153,0.01
5543,402,0.01
5544,756,0.01
5545,405,0.01
5546,282,0.01
5547,750,0.01
5548,246,0.01
5549,354,0.01
5550,339,0.01
5551,405,0.01
5552,675,0.01
5553,312,0.01
5554,381,0.01
5555,618,0.01
5556,141,0.01
5557,402,0.01
5558,582,0.01
5559,339,0.01
5560,471,0.01
5561,393,0.01
5562,390,0.01
5563,516,0.01
5564,282,0.01
5565,246,0.01
5566,312,0.01
5567,339,0.01
5568,261,0.01
5569,1062,0.01
5570,384,0.01
5571,159,0.01
5572,402,0.01
5573,282,0.01
5574,201,0.01
5575,138,0.01
5576,705,0.01
5577,432,0.01
5578,357,0.01
5579,333,0.01
5580,855,0.01
5581,135,0.01
5582,324,0.01
5583,246,0.01
5584,519,0.01
5585,165,0.01
5586,201,0.01
5587,339,0.01
5588,258,0.01
5589,246,0.01
5590,390,0.01
5591,168,0.01
5592,246,0.01
5593,201,0.01
5594,624,0.01
5595,663,0.01
5596,303,0.01
5597,348,0.01
5598,360,0.01
5599,246,0.01
5600,714,0.01
5601,255,0.01
5602,990,0.01
5603,966,0.01
5604,384,0.01
5605,348,0.01
5606,405,0.01
5607,201,0.01
5608,303,0.01
5609,312,0.01
5610,201,0.01
5611,339,0.01
5612,405,0.01
5613,582,0.01
5614,564,0.01
5615,249,0.01
5616,303,0.01
5617,201,0.01
5618,312,0.01
5619,246,0.01
5620,1395,0.01
5621,300,0.01
5622,255,0.01
5623,387,0.01
5624,516,0.01
5625,453,0.01
5626,990,0.01
5627,336,0.01
5628,189,0.01
5629,414,0.01
5630,807,0.01
5631,543,0.01
5632,270,0.01
5633,345,0.01
5634,312,0.01
5635,360,0.01
5636,405,0.01
5637,303,0.01
5638,189,0.01
5639,360,0.01
5640,246,0.01
5641,303,0.01
5642,783,0.01
5643,246,0.01
5644,246,0.01
5645,360,0.01
5646,405,0.01
5647,360,0.01
5648,252,0.01
5649,159,0.01
5650,396,0.01
5651,336,0.01
5652,405,0.01
5653,69,0.01
5654,249,0.01
5655,282,0.01
5656,510,0.01
5657,144,0.01
5658,450,0.01
5659,504,0.01
5660,336,0.01
5661,855,0.01
5662,201,0.01
5663,594,0.01
5664,345,0.01
5665,360,0.01
5666,438,0.01
5667,168,0.01
5668,462,0.01
5669,201,0.01
5670,360,0.01
5671,156,0.01
5672,519,0.01
5673,765,0.01
5674,459,0.01
5675,291,0.01
5676,393,0.01
5677,603,0.01
5678,396,0.01
5679,135,0.01
5680,585,0.01
5681,237,0.01
5682,327,0.01
5683,549,0.01
5684,294,0.01
5685,213,0.01
5686,336,0.01
5687,414,0.01
5688,246,0.01
5689,336,0.01
5690,354,0.01
5691,336,0.01
5692,561,0.01
5693,354,0.01
5694,360,0.01
5695,189,0.01
5696,1332,0.01
5697,438,0.01
5698,270,0.01
5699,609,0.01
5700,471,0.01
5701,408,0.01
5702,354,0.01
5703,255,0.01
5704,228,0.01
5705,471,0.01
5706,405,0.01
5707,303,0.01
5708,483,0.01
5709,675,0.01
5710,336,0.01
5711,249,0.01
5712,351,0.01
5713,624,0.01
5714,66,0.01
5715,471,0.01
5716,900,0.01
5717,249,0.01
5718,732,0.01
5719,192,0.01
5720,192,0.01
5721,288,0.01
5722,585,0.01
5723,246,0.01
5724,675,0.01
5725,909,0.01
5726,822,0.01
5727,522,0.01
5728,624,0.01
5729,282,0.01
5730,1044,0.01
5731,291,0.01
5732,624,0.01
5733,252,0.01
5734,156,0.01
5735,402,0.01
5736,540,0.01
5737,312,0.01
5738,336,0.01
5739,606,0.01
5740,345,0.01
5741,663,0.01
5742,537,0.01
5743,1744,0.01
5744,246,0.01
5745,249,0.01
5746,300,0.01
5747,348,0.01
5748,249,0.01
5749,351,0.01
5750,159,0.01
5751,306,0.01
5752,159,0.01
5753,516,0.01
5754,291,0.01
5755,339,0.01
5756,270,0.01
5757,441,0.01
5758,426,0.01
5759,978,0.01
5760,246,0.01
5761,432,0.01
5762,210,0.01
5763,480,0.01
5764,354,0.01
5765,756,0.01
5766,189,0.01
5767,588,0.01
5768,255,0.01
5769,201,0.01
5770,696,0.01
5771,189,0.01
5772,156,0.01
5773,405,0.01
5774,201,0.01
5775,183,0.01
5776,246,0.01
5777,699,0.01
5778,483,0.01
5779,282,0.01
5780,168,0.01
5781,282,0.01
5782,513,0.01
5783,291,0.01
5784,189,0.01
5785,255,0.01
5786,354,0.01
5787,1215,0.01
5788,246,0.01
5789,168,0.01
5790,618,0.01
5791,402,0.01
5792,312,0.01
5793,897,0.01
5794,135,0.01
5795,384,0.01
5796,522,0.01
5797,213,0.01
5798,1182,0.01
5799,378,0.01
5800,201,0.01
5801,246,0.01
5802,438,0.01
5803,303,0.01
5804,414,0.01
5805,282,0.01
5806,201,0.01
5807,843,0.01
5808,675,0.01
5809,789,0.01
5810,573,0.01
5811,225,0.01
5812,279,0.01
5813,189,0.01
5814,333,0.01
5815,372,0.01
5816,144,0.01
5817,552,0.01
5818,255,0.01
5819,249,0.01
5820,159,0.01
5821,543,0.01
5822,624,0.01
5823,249,0.01
5824,201,0.01
5825,573,0.01
5826,252,0.01
5827,294,0.01
5828,393,0.01
5829,519,0.01
5830,462,0.01
5831,483,0.01
5832,246,0.01
5833,282,0.01
5834,246,0.01
5835,315,0.01
5836,198,0.01
5837,291,0.01
5838,246,0.01
5839,561,0.01
5840,339,0.01
5841,312,0.01
5842,354,0.01
5843,879,0.01
5844,1263,0.01
5845,1014,0.01
5846,282,0.01
5847,291,0.01
5848,255,0.01
5849,429,0.01
5850,156,0.01
5851,675,0.01
5852,261,0.01
5853,204,0.01
5854,741,0.01
5855,552,0.01
5856,255,0.01
5857,405,0.01
5858,282,0.01
5859,360,0.01
5860,492,0.01
5861,348,0.01
5862,552,0.01
5863,357,0.01
5864,246,0.01
5865,273,0.01
5866,324,0.01
5867,393,0.01
5868,405,0.01
5869,270,0.01
5870,162,0.01
5871,201,0.01
5872,189,0.01
5873,288,0.01
5874,312,0.01
5875,393,0.01
5876,471,0.01
5877,624,0.01
5878,246,0.01
5879,339,0.01
5880,255,0.01
5881,270,0.01
5882,525,0.01
5883,495,0.01
5884,315,0.01
5885,402,0.01
5886,300,0.01
5887,612,0.01
5888,675,0.01
5889,246,0.01
5890,168,0.01
5891,192,0.01
5892,333,0.01
5893,537,0.01
5894,609,0.01
5895,471,0.01
5896,246,0.01
5897,327,0.01
5898,393,0.01
5899,594,0.01
5900,405,0.01
5901,384,0.01
5902,159,0.01
5903,405,0.01
5904,459,0.01
5905,246,0.01
5906,246,0.01
5907,246,0.01
5908,312,0.01
5909,165,0.01
5910,144,0.01
5911,606,0.01
5912,405,0.01
5913,360,0.01
5914,552,0.01
5915,168,0.01
5916,288,0.01
5917,405,0.01
5918,189,0.01
5919,513,0.01
5920,465,0.01
5921,354,0.01
5922,672,0.01
5923,405,0.01
5924,354,0.01
5925,1017,0.01
5926,438,0.01
5927,327,0.01
5928,252,0.01
5929,168,0.01
5930,312,0.01
5931,192,0.01
5932,282,0.01
5933,144,0.01
5934,270,0.01
5935,336,0.01
5936,270,0.01
5937,315,0.01
5938,720,0.01
5939,288,0.01
5940,360,0.01
5941,186,0.01
5942,246,0.01
5943,582,0.01
5944,168,0.01
5945,285,0.01
5946,273,0.01
5947,189,0.01
5948,303,0.01
5949,552,0.01
5950,339,0.01
5951,402,0.01
5952,180,0.01
5953,417,0.01
5954,144,0.01
5955,405,0.01
5956,429,0.01
5957,519,0.01
5958,645,0.01
5959,192,0.01
5960,888,0.01
5961,471,0.01
5962,471,0.01
5963,519,0.01
5964,714,0.01
5965,585,0.01
5966,339,0.01
5967,270,0.01
5968,249,0.01
5969,288,0.01
5970,255,0.01
5971,495,0.01
5972,615,0.01
5973,246,0.01
5974,339,0.01
5975,135,0.01
5976,315,0.01
5977,282,0.01
5978,381,0.01
5979,393,0.01
5980,339,0.01
5981,201,0.01
5982,246,0.01
5983,246,0.01
5984,357,0.01
5985,570,0.01
5986,297,0.01
5987,516,0.01
5988,213,0.01
5989,942,0.01
5990,360,0.01
5991,1602,0.01
5992,255,0.01
5993,675,0.01
5994,393,0.01
5995,294,0.01
5996,393,0.01
5997,591,0.01
5998,777,0.01
5999,957,0.01
6000,405,0.01
6001,684,0.01
6002,471,0.01
6003,924,0.01
6004,456,0.01
6005,489,0.01
6006,462,0.01
6007,213,0.01
6008,663,0.01
6009,303,0.01
6010,558,0.01
6011,240,0.01
6012,204,0.01
6013,222,0.01
6014,279,0.01
6015,624,0.01
6016,1278,0.01
6017,246,0.01
6018,366,0.01
6019,135,0.01
6020,249,0.01
6021,312,0.01
6022,282,0.01
6023,675,0.01
6024,675,0.01
6025,486,0.01
6026,564,0.01
6027,315,0.01
6028,519,0.01
6029,303,0.01
6030,168,0.01
6031,495,0.01
6032,192,0.01
6033,609,0.01
6034,339,0.01
6035,147,0.01
6036,132,0.01
6037,300,0.01
6038,360,0.01
6039,876,0.01
6040,519,0.01
6041,357,0.01
6042,252,0.01
6043,405,0.01
6044,168,0.01
6045,405,0.01
6046,1146,0.01
6047,291,0.01
6048,471,0.01
6049,255,0.01
6050,336,0.01
6051,522,0.01
6052,606,0.01
6053,213,0.01
6054,246,0.01
6055,201,0.01
6056,393,0.01
6057,441,0.01
6058,300,0.01
6059,603,0.01
6060,561,0.01
6061,270,0.01
6062,246,0.01
6063,246,0.01
6064,312,0.01
6065,414,0.01
6066,249,0.01
6067,882,0.01
6068,552,0.01
6069,240,0.01
6070,603,0.01
6071,525,0.01
6072,282,0.01
6073,339,0.01
6074,606,0.01
6075,339,0.01
6076,303,0.01
6077,300,0.01
6078,606,0.01
6079,282,0.01
6080,300,0.01
6081,441,0.01
6082,168,0.01
6083,300,0.01
6084,192,0.01
6085,405,0.01
6086,516,0.01
6087,369,0.01
6088,315,0.01
6089,609,0.01
6090,303,0.01
6091,255,0.01
6092,246,0.01
6093,201,0.01
6094,414,0.01
6095,231,0.01
6096,336,0.01
6097,615,0.01
6098,252,0.01
6099,1095,0.01
6100,426,0.01
6101,399,0.01
6102,282,0.01
6103,372,0.01
6104,339,0.01
6105,921,0.01
6106,519,0.01
6107,567,0.01
6108,558,0.01
6109,204,0.01
6110,384,0.01
6111,252,0.01
6112,561,0.01
6113,282,0.01
6114,225,0.01
6115,168,0.01
6116,990,0.01
6117,339,0.01
6118,360,0.01
6119,300,0.01
6120,189,0.01
6121,381,0.01
6122,402,0.01
6123,300,0.01
6124,378,0.01
6125,762,0.01
6126,519,0.01
6127,300,0.01
6128,462,0.01
6129,471,0.01
6130,405,0.01
6131,1047,0.01
6132,201,0.01
6133,414,0.01
6134,402,0.01
6135,324,0.01
6136,201,0.01
6137,144,0.01
6138,426,0.01
6139,1038,0.01
6140,429,0.01
6141,471,0.01
6142,339,0.01
6143,69,0.01
6144,552,0.01
6145,270,0.01
6146,351,0.01
6147,603,0.01
6148,1020,0.01
6149,405,0.01
6150,291,0.01
6151,303,0.01
6152,192,0.01
6153,282,0.01
6154,246,0.01
6155,354,0.01
6156,246,0.01
6157,360,0.01
6158,516,0.01
6159,357,0.01
6160,486,0.01
6161,354,0.01
6162,459,0.01
6163,318,0.01
6164,618,0.01
6165,945,0.01
6166,525,0.01
6167,1062,0.01
6168,969,0.01
6169,315,0.01
6170,237,0.01
6171,258,0.01
6172,294,0.01
6173,777,0.01
6174,246,0.01
6175,297,0.01
6176,270,0.01
6177,318,0.01
6178,552,0.01
6179,624,0.01
6180,246,0.01
6181,762,0.01
6182,201,0.01
6183,132,0.01
6184,246,0.01
6185,393,0.01
6186,909,0.01
6187,723,0.01
6188,405,0.01
6189,405,0.01
6190,354,0.01
6191,282,0.01
6192,165,0.01
6193,312,0.01
6194,246,0.01
6195,159,0.01
6196,189,0.01
6197,654,0.01
6198,414,0.01
6199,801,0.01
6200,270,0.01
6201,765,0.01
6202,201,0.01
6203,405,0.01
6204,168,0.01
6205,471,0.01
6206,405,0.01
6207,639,0.01
6208,594,0.01
6209,201,0.01
6210,282,0.01
6211,168,0.01
6212,315,0.01
6213,270,0.01
6214,213,0.01
6215,567,0.01
6216,165,0.01
6217,168,0.01
6218,162,0.01
6219,810,0.01
6220,426,0.01
6221,333,0.01
6222,249,0.01
6223,528,0.01
6224,483,0.01
6225,462,0.01
6226,441,0.01
6227,303,0.01
6228,312,0.01
6229,360,0.01
6230,570,0.01
6231,282,0.01
6232,213,0.01
6233,303,0.01
6234,348,0.01
6235,174,0.01
6236,438,0.01
6237,333,0.01
6238,156,0.01
6239,438,0.01
6240,246,0.01
6241,291,0.01
6242,270,0.01
6243,795,0.01
6244,402,0.01
6245,180,0.01
6246,537,0.01
6247,282,0.01
6248,525,0.01
6249,246,0.01
6250,195,0.01
6251,192,0.01
6252,213,0.01
6253,168,0.01
6254,282,0.01
6255,282,0.01
6256,573,0.01
6257,834,0.01
6258,546,0.01
6259,357,0.01
6260,522,0.01
6261,189,0.01
6262,255,0.01
6263,303,0.01
6264,483,0.01
6265,282,0.01
6266,213,0.01
6267,201,0.01
6268,201,0.01
6269,405,0.01
6270,303,0.01
6271,351,0.01
6272,228,0.01
6273,348,0.01
6274,132,0.01
6275,483,0.01
6276,291,0.01
6277,633,0.01
6278,429,0.01
6279,696,0.01
6280,471,0.01
6281,513,0.01
6282,390,0.01
6283,84,0.01
6284,462,0.01
6285,213,0.01
6286,339,0.01
6287,360,0.01
6288,1305,0.01
6289,303,0.01
6290,354,0.01
6291,192,0.01
6292,69,0.01
6293,300,0.01
6294,252,0.01
6295,618,0.01
6296,1215,0.01
6297,279,0.01
6298,294,0.01
6299,168,0.01
6300,549,0.01
6301,495,0.01
6302,426,0.01
6303,405,0.01
6304,342,0.01
6305,156,0.01
6306,498,0.01
6307,246,0.01
6308,201,0.01
6309,528,0.01
6310,282,0.01
6311,201,0.01
6312,156,0.01
6313,783,0.01
6314,798,0.01
6315,213,0.01
6316,279,0.01
6317,246,0.01
6318,246,0.01
6319,402,0.01
6320,192,0.01
6321,339,0.01
6322,651,0.01
6323,315,0.01
6324,255,0.01
6325,261,0.01
6326,582,0.01
6327,246,0.01
6328,315,0.01
6329,414,0.01
6330,411,0.01
6331,168,0.01
6332,192,0.01
6333,282,0.01
6334,639,0.01
6335,75,0.01
6336,267,0.01
6337,351,0.01
6338,246,0.01
6339,573,0.01
6340,552,0.01
6341,339,0.01
6342,234,0.01
6343,168,0.01
6344,246,0.01
6345,255,0.01
6346,201,0.01
6347,351,0.01
6348,573,0.01
6349,180,0.01
6350,561,0.01
6351,294,0.01
6352,420,0.01
6353,564,0.01
6354,546,0.01
6355,720,0.01
6356,312,0.01
6357,282,0.01
6358,426,0.01
6359,168,0.01
6360,558,0.01
6361,348,0.01
6362,549,0.01
6363,339,0.01
6364,426,0.01
6365,294,0.01
6366,336,0.01
6367,75,0.01
6368,354,0.01
6369,291,0.01
6370,270,0.01
6371,213,0.01
6372,405,0.01
6373,384,0.01
6374,291,0.01
6375,360,0.01
6376,462,0.01
6377,339,0.01
6378,339,0.01
6379,405,0.01
6380,603,0.01
6381,696,0.01
6382,300,0.01
6383,315,0.01
6384,237,0.01
6385,168,0.01
6386,375,0.01
6387,867,0.01
6388,318,0.01
6389,540,0.01
6390,333,0.01
6391,450,0.01
6392,192,0.01
6393,438,0.01
6394,303,0.01
6395,570,0.01
6396,312,0.01
6397,255,0.01
6398,471,0.01
6399,258,0.01
6400,255,0.01
6401,519,0.01
6402,192,0.01
6403,990,0.01
6404,360,0.01
6405,471,0.01
6406,1011,0.01
6407,459,0.01
6408,384,0.01
6409,303,0.01
6410,246,0.01
6411,990,0.01
6412,696,0.01
6413,255,0.01
6414,165,0.01
6415,321,0.01
6416,384,0.01
6417,525,0.01
6418,270,0.01
6419,573,0.01
6420,1155,0.01
6421,90,0.01
6422,438,0.01
6423,360,0.01
6424,603,0.01
6425,405,0.01
6426,720,0.01
6427,381,0.01
6428,246,0.01
6429,528,0.01
6430,672,0.01
6431,699,0.01
6432,639,0.01
6433,339,0.01
6434,312,0.01
6435,393,0.01
6436,282,0.01
6437,321,0.01
6438,426,0.01
6439,753,0.01
6440,393,0.01
6441,297,0.01
6442,177,0.01
6443,276,0.01
6444,504,0.01
6445,516,0.01
6446,360,0.01
6447,303,0.01
6448,246,0.01
6449,360,0.01
6450,201,0.01
6451,255,0.01
6452,1293,0.01
6453,789,0.01
6454,123,0.01
6455,348,0.01
6456,252,0.01
6457,519,0.01
6458,189,0.01
6459,255,0.01
6460,507,0.01
6461,675,0.01
6462,312,0.01
6463,249,0.01
6464,168,0.01
6465,405,0.01
6466,213,0.01
6467,339,0.01
6468,822,0.01
6469,405,0.01
6470,810,0.01
6471,915,0.01
6472,459,0.01
6473,192,0.01
6474,255,0.01
6475,462,0.01
6476,270,0.01
6477,159,0.01
6478,201,0.01
6479,312,0.01
6480,822,0.01
6481,264,0.01
6482,990,0.01
6483,405,0.01
6484,573,0.01
6485,276,0.01
6486,168,0.01
6487,618,0.01
6488,318,0.01
6489,282,0.01
6490,252,0.01
6491,471,0.01
6492,189,0.01
6493,189,0.01
6494,339,0.01
6495,537,0.01
6496,192,0.01
6497,519,0.01
6498,405,0.01
6499,525,0.01
6500,141,0.01
6501,201,0.01
6502,201,0.01
6503,462,0.01
6504,471,0.01
6505,189,0.01
6506,471,0.01
6507,429,0.01
6508,723,0.01
6509,201,0.01
6510,783,0.01
6511,249,0.01
6512,246,0.01
6513,213,0.01
6514,147,0.01
6515,189,0.01
6516,426,0.01
6517,246,0.01
6518,270,0.01
6519,162,0.01
6520,255,0.01
6521,285,0.01
6522,405,0.01
6523,276,0.01
6524,354,0.01
6525,765,0.01
6526,1059,0.01
6527,753,0.01
6528,945,0.01
6529,207,0.01
6530,237,0.01
6531,429,0.01
6532,651,0.01
6533,165,0.01
6534,300,0.01
6535,246,0.01
6536,273,0.01
6537,282,0.01
6538,561,0.01
6539,168,0.01
6540,246,0.01
6541,315,0.01
6542,864,0.01
6543,204,0.01
6544,426,0.01
6545,303,0.01
6546,714,0.01
6547,336,0.01
6548,318,0.01
6549,204,0.01
6550,315,0.01
6551,153,0.01
6552,459,0.01
6553,246,0.01
6554,255,0.01
6555,141,0.01
6556,114,0.01
6557,246,0.01
6558,312,0.01
6559,258,0.01
6560,291,0.01
6561,201,0.01
6562,96,0.01
6563,276,0.01
6564,1200,0.01
6565,786,0.01
6566,384,0.01
6567,147,0.01
6568,609,0.01
6569,336,0.01
6570,942,0.01
6571,201,0.01
6572,405,0.01
6573,795,0.01
6574,339,0.01
6575,300,0.01
6576,135,0.01
6577,339,0.01
6578,405,0.01
6579,369,0.01
6580,81,0.01
6581,87,0.01
6582,165,0.01
6583,288,0.01
6584,792,0.01
6585,201,0.01
6586,282,0.01
6587,402,0.01
6588,879,0.01
6589,363,0.01
6590,246,0.01
6591,213,0.01
6592,405,0.01
6593,594,0.01
6594,165,0.01
6595,237,0.01
6596,990,0.01
6597,291,0.01
6598,255,0.01
6599,360,0.01
6600,300,0.01
6601,246,0.01
6602,273,0.01
6603,312,0.01
6604,168,0.01
6605,405,0.01
6606,189,0.01
6607,693,0.01
6608,246,0.01
6609,258,0.01
6610,519,0.01
6611,384,0.01
6612,414,0.01
6613,204,0.01
6614,144,0.01
6615,90,0.01
6616,639,0.01
6617,675,0.01
6618,252,0.01
6619,789,0.01
6620,924,0.01
6621,252,0.01
6622,357,0.01
6623,540,0.01
6624,264,0.01
6625,327,0.01
6626,237,0.01
6627,429,0.01
6628,1419,0.01
6629,429,0.01
6630,303,0.01
6631,405,0.01
6632,252,0.01
6633,147,0.01
6634,162,0.01
6635,189,0.01
6636,375,0.01
6637,480,0.01
6638,249,0.01
6639,699,0.01
6640,552,0.01
6641,435,0.01
6642,159,0.01
6643,156,0.01
6644,168,0.01
6645,246,0.01
6646,255,0.01
6647,288,0.01
6648,552,0.01
6649,486,0.01
6650,201,0.01
6651,348,0.01
6652,552,0.01
6653,507,0.01
6654,336,0.01
6655,429,0.01
6656,336,0.01
6657,516,0.01
6658,393,0.01
6659,246,0.01
6660,318,0.01
6661,270,0.01
6662,135,0.01
6663,492,0.01
6664,339,0.01
6665,516,0.01
6666,687,0.01
6667,930,0.01
6668,189,0.01
6669,603,0.01
6670,303,0.01
6671,675,0.01
6672,282,0.01
6673,69,0.01
6674,201,0.01
6675,270,0.01
6676,291,0.01
6677,609,0.01
6678,507,0.01
6679,141,0.01
6680,168,0.01
6681,201,0.01
6682,282,0.01
6683,150,0.01
6684,84,0.01
6685,246,0.01
6686,441,0.01
6687,189,0.01
6688,381,0.01
6689,279,0.01
6690,168,0.01
6691,675,0.01
6692,315,0.01
6693,246,0.01
6694,471,0.01
6695,168,0.01
6696,336,0.01
6697,384,0.01
6698,162,0.01
6699,786,0.01
6700,255,0.01
6701,270,0.01
6702,468,0.01
6703,201,0.01
6704,300,0.01
6705,270,0.01
6706,450,0.01
6707,201,0.01
6708,144,0.01
6709,372,0.01
6710,426,0.01
6711,459,0.01
6712,165,0.01
6713,168,0.01
6714,201,0.01
6715,189,0.01
6716,246,0.01
6717,348,0.01
6718,189,0.01
6719,231,0.01
6720,633,0.01
6721,399,0.01
6722,249,0.01
6723,168,0.01
6724,201,0.01
6725,690,0.01
6726,339,0.01
6727,291,0.01
6728,123,0.01
6729,333,0.01
6730,294,0.01
6731,339,0.01
6732,168,0.01
6733,201,0.01
6734,606,0.01
6735,246,0.01
6736,789,0.01
6737,336,0.01
6738,267,0.01
6739,462,0.01
6740,324,0.01
6741,303,0.01
6742,1068,0.01
6743,444,0.01
6744,192,0.01
6745,522,0.01
6746,651,0.01
6747,522,0.01
6748,201,0.01
6749,426,0.01
6750,669,0.01
6751,360,0.01
6752,414,0.01
6753,360,0.01
6754,564,0.01
6755,189,0.01
6756,381,0.01
6757,201,0.01
6758,318,0.01
6759,360,0.01
6760,354,0.01
6761,654,0.01
6762,654,0.01
6763,483,0.01
6764,384,0.01
6765,405,0.01
6766,315,0.01
6767,393,0.01
6768,270,0.01
6769,315,0.01
6770,120,0.01
6771,189,0.01
6772,231,0.01
6773,270,0.01
6774,507,0.01
6775,441,0.01
6776,246,0.01
6777,486,0.01
6778,318,0.01
6779,393,0.01
6780,345,0.01
6781,519,0.01
6782,576,0.01
6783,237,0.01
6784,198,0.01
6785,303,0.01
6786,405,0.01
6787,525,0.01
6788,312,0.01
6789,453,0.01
6790,765,0.01
6791,291,0.01
6792,294,0.01
6793,291,0.01
6794,207,0.01
6795,624,0.01
6796,303,0.01
6797,516,0.01
6798,675,0.01
6799,204,0.01
6800,189,0.01
6801,261,0.01
6802,642,0.01
6803,588,0.01
6804,378,0.01
6805,246,0.01
6806,291,0.01
6807,471,0.01
6808,336,0.01
6809,201,0.01
6810,1056,0.01
6811,246,0.01
6812,540,0.01
6813,354,0.01
6814,978,0.01
6815,303,0.01
6816,315,0.01
6817,858,0.01
6818,777,0.01
6819,324,0.01
6820,204,0.01
6821,354,0.01
6822,381,0.01
6823,144,0.01
6824,384,0.01
6825,675,0.01
6826,315,0.01
6827,960,0.01
6828,1353,0.01
6829,360,0.01
6830,354,0.01
6831,540,0.01
6832,270,0.01
6833,315,0.01
6834,315,0.01
6835,471,0.01
6836,276,0.01
6837,405,0.01
6838,339,0.01
6839,360,0.01
6840,720,0.01
6841,246,0.01
6842,165,0.01
6843,255,0.01
6844,246,0.01
6845,159,0.01
6846,783,0.01
6847,270,0.01
6848,300,0.01
6849,516,0.01
6850,393,0.01
6851,255,0.01
6852,270,0.01
6853,192,0.01
6854,324,0.01
6855,579,0.01
6856,246,0.01
6857,552,0.01
6858,312,0.01
6859,192,0.01
6860,426,0.01
6861,0,0.01
6862,552,0.01
6863,969,0.01
6864,279,0.01
6865,303,0.01
6866,465,0.01
6867,300,0.01
6868,732,0.01
6869,201,0.01
6870,525,0.01
6871,189,0.01
6872,1035,0.01
6873,189,0.01
6874,156,0.01
6875,405,0.01
6876,255,0.01
6877,807,0.01
6878,471,0.01
6879,213,0.01
6880,246,0.01
6881,393,0.01
6882,294,0.01
6883,228,0.01
6884,189,0.01
6885,135,0.01
6886,492,0.01
6887,720,0.01
6888,201,0.01
6889,270,0.01
6890,675,0.01
6891,228,0.01
6892,945,0.01
6893,255,0.01
6894,480,0.01
6895,360,0.01
6896,483,0.01
6897,270,0.01
6898,285,0.01
6899,270,0.01
6900,675,0.01
6901,312,0.01
6902,204,0.01
6903,354,0.01
6904,162,0.01
6905,666,0.01
6906,192,0.01
6907,384,0.01
6908,426,0.01
6909,255,0.01
6910,246,0.01
6911,336,0.01
6912,246,0.01
6913,282,0.01
6914,402,0.01
6915,402,0.01
6916,246,0.01
6917,357,0.01
6918,411,0.01
6919,303,0.01
6920,309,0.01
6921,252,0.01
6922,255,0.01
6923,612,0.01
6924,315,0.01
6925,621,0.01
6926,360,0.01
6927,201,0.01
6928,777,0.01
6929,246,0.01
6930,381,0.01
6931,426,0.01
6932,384,0.01
6933,189,0.01
6934,192,0.01
6935,426,0.01
6936,348,0.01
6937,441,0.01
6938,741,0.01
6939,165,0.01
6940,300,0.01
6941,252,0.01
6942,255,0.01
6943,303,0.01
6944,654,0.01
6945,282,0.01
6946,282,0.01
6947,405,0.01
6948,282,0.01
6949,270,0.01
6950,504,0.01
6951,270,0.01
6952,201,0.01
6953,654,0.01
6954,393,0.01
6955,135,0.01
6956,168,0.01
6957,363,0.01
6958,492,0.01
6959,759,0.01
6960,168,0.01
6961,741,0.01
6962,186,0.01
6963,945,0.01
6964,300,0.01
6965,381,0.01
6966,507,0.01
6967,405,0.01
6968,438,0.01
6969,354,0.01
6970,165,0.01
6971,267,0.01
6972,525,0.01
6973,339,0.01
6974,183,0.01
6975,351,0.01
6976,252,0.01
6977,189,0.01
6978,459,0.01
6979,414,0.01
6980,1008,0.01
6981,675,0.01
6982,471,0.01
6983,522,0.01
6984,192,0.01
6985,162,0.01
6986,159,0.01
6987,594,0.01
6988,1008,0.01
6989,552,0.01
6990,336,0.01
6991,168,0.01
6992,246,0.01
6993,1158,0.01
6994,276,0.01
6995,675,0.01
6996,375,0.01
6997,381,0.01
6998,264,0.01
6999,246,0.01
7000,255,0.01
7001,303,0.01
7002,282,0.01
7003,1089,0.01
7004,321,0.01
7005,648,0.01
7006,585,0.01
7007,270,0.01
7008,384,0.01
7009,408,0.01
7010,471,0.01
7011,720,0.01
7012,291,0.01
7013,384,0.01
7014,303,0.01
7015,378,0.01
7016,864,0.01
7017,435,0.01
7018,246,0.01
7019,201,0.01
7020,945,0.01
7021,156,0.01
7022,336,0.01
7023,672,0.01
7024,594,0.01
7025,357,0.01
7026,375,0.01
7027,675,0.01
7028,552,0.01
7029,348,0.01
7030,540,0.01
7031,255,0.01
7032,729,0.01
7033,516,0.01
7034,192,0.01
7035,282,0.01
7036,786,0.01
7037,564,0.01
7038,471,0.01
7039,438,0.01
7040,246,0.01
7041,1077,0.01
7042,471,0.01
7043,609,0.01
7044,585,0.01
7045,438,0.01
7046,282,0.01
7047,360,0.01
7048,390,0.01
7049,333,0.01
7050,312,0.01
7051,315,0.01
7052,513,0.01
7053,537,0.01
7054,156,0.01
7055,246,0.01
7056,282,0.01
7057,984,0.01
7058,720,0.01
7059,237,0.01
7060,393,0.01
7061,153,0.01
7062,333,0.01
7063,249,0.01
7064,405,0.01
7065,312,0.01
7066,90,0.01
7067,192,0.01
7068,246,0.01
7069,849,0.01
7070,189,0.01
7071,165,0.01
7072,261,0.01
7073,810,0.01
7074,354,0.01
7075,459,0.01
7076,249,0.01
7077,546,0.01
7078,249,0.01
7079,651,0.01
7080,201,0.01
7081,150,0.01
7082,246,0.01
7083,369,0.01
7084,516,0.01
7085,519,0.01
7086,270,0.01
7087,255,0.01
7088,507,0.01
7089,303,0.01
7090,189,0.01
7091,630,0.01
7092,402,0.01
7093,312,0.01
7094,177,0.01
7095,168,0.01
7096,288,0.01
7097,153,0.01
7098,348,0.01
7099,507,0.01
7100,213,0.01
7101,204,0.01
7102,1080,0.01
7103,354,0.01
7104,300,0.01
7105,402,0.01
7106,192,0.01
7107,558,0.01
7108,270,0.01
7109,339,0.01
7110,396,0.01
7111,294,0.01
7112,201,0.01
7113,201,0.01
7114,630,0.01
7115,801,0.01
7116,246,0.01
7117,651,0.01
7118,750,0.01
7119,675,0.01
7120,162,0.01
7121,426,0.01
7122,675,0.01
7123,240,0.01
7124,399,0.01
7125,246,0.01
7126,525,0.01
7127,267,0.01
7128,192,0.01
7129,270,0.01
7130,312,0.01
7131,168,0.01
7132,351,0.01
7133,489,0.01
7134,675,0.01
7135,561,0.01
7136,246,0.01
7137,546,0.01
7138,132,0.01
7139,303,0.01
7140,807,0.01
7141,270,0.01
7142,471,0.01
7143,267,0.01
7144,360,0.01
7145,339,0.01
7146,483,0.01
7147,351,0.01
7148,282,0.01
7149,522,0.01
7150,303,0.01
7151,459,0.01
7152,246,0.01
7153,246,0.01
7154,402,0.01
7155,585,0.01
7156,282,0.01
7157,246,0.01
7158,414,0.01
7159,690,0.01
7160,195,0.01
7161,300,0.01
7162,585,0.01
7163,246,0.01
7164,945,0.01
7165,249,0.01
7166,339,0.01
7167,552,0.01
7168,576,0.01
7169,360,0.01
7170,282,0.01
7171,402,0.01
7172,201,0.01
7173,405,0.01
7174,438,0.01
7175,462,0.01
7176,564,0.01
7177,720,0.01
7178,252,0.01
7179,213,0.01
7180,225,0.01
7181,336,0.01
7182,204,0.01
7183,255,0.01
7184,246,0.01
7185,246,0.01
7186,201,0.01
7187,300,0.01
7188,150,0.01
7189,282,0.01
7190,405,0.01
7191,246,0.01
7192,507,0.01
7193,252,0.01
7194,726,0.01
7195,471,0.01
7196,312,0.01
7197,414,0.01
7198,675,0.01
7199,282,0.01
7200,123,0.01
7201,270,0.01
7202,618,0.01
7203,393,0.01
7204,303,0.01
7205,300,0.01
7206,369,0.01
7207,135,0.01
7208,291,0.01
7209,405,0.01
7210,282,0.01
7211,405,0.01
7212,135,0.01
7213,375,0.01
7214,426,0.01
7215,630,0.01
7216,360,0.01
7217,294,0.01
7218,1080,0.01
7219,141,0.01
7220,282,0.01
7221,540,0.01
7222,582,0.01
7223,480,0.01
7224,282,0.01
7225,201,0.01
7226,582,0.01
7227,354,0.01
7228,339,0.01
7229,261,0.01
7230,336,0.01
7231,291,0.01
7232,783,0.01
7233,312,0.01
7234,681,0.01
7235,141,0.01
7236,246,0.01
7237,789,0.01
7238,405,0.01
7239,282,0.01
7240,375,0.01
7241,618,0.01
7242,168,0.01
7243,741,0.01
7244,246,0.01
7245,405,0.01
7246,516,0.01
7247,270,0.01
7248,540,0.01
7249,540,0.01
7250,282,0.01
7251,189,0.01
7252,177,0.01
7253,369,0.01
7254,159,0.01
7255,360,0.01
7256,384,0.01
7257,516,0.01
7258,495,0.01
7259,405,0.01
7260,390,0.01
7261,282,0.01
7262,516,0.01
7263,345,0.01
7264,246,0.01
7265,312,0.01
7266,540,0.01
7267,420,0.01
7268,201,0.01
7269,312,0.01
7270,540,0.01
7271,714,0.01
7272,282,0.01
7273,339,0.01
7274,201,0.01
7275,360,0.01
7276,831,0.01
7277,282,0.01
7278,246,0.01
7279,339,0.01
7280,282,0.01
7281,120,0.01
7282,348,0.01
7283,462,0.01
7284,471,0.01
7285,897,0.01
7286,372,0.01
7287,465,0.01
7288,168,0.01
7289,441,0.01
7290,369,0.01
7291,495,0.01
7292,300,0.01
7293,318,0.01
7294,621,0.01
7295,492,0.01
7296,354,0.01
7297,606,0.01
7298,282,0.01
7299,282,0.01
7300,642,0.01
7301,315,0.01
7302,135,0.01
7303,384,0.01
7304,249,0.01
7305,342,0.01
7306,741,0.01
7307,354,0.01
7308,342,0.01
7309,387,0.01
7310,303,0.01
7311,291,0.01
7312,312,0.01
7313,246,0.01
7314,207,0.01
7315,288,0.01
7316,513,0.01
7317,192,0.01
7318,360,0.01
7319,192,0.01
7320,663,0.01
7321,312,0.01
7322,249,0.01
7323,852,0.01
7324,288,0.01
7325,456,0.01
7326,270,0.01
7327,288,0.01
7328,369,0.01
7329,189,0.01
7330,282,0.01
7331,276,0.01
7332,267,0.01
7333,294,0.01
7334,552,0.01
7335,339,0.01
7336,573,0.01
7337,582,0.01
7338,669,0.01
7339,402,0.01
7340,534,0.01
7341,165,0.01
7342,675,0.01
7343,270,0.01
7344,348,0.01
7345,336,0.01
7346,429,0.01
7347,777,0.01
7348,672,0.01
7349,246,0.01
7350,177,0.01
7351,783,0.01
7352,282,0.01
7353,213,0.01
7354,333,0.01
7355,303,0.01
7356,135,0.01
7357,354,0.01
7358,252,0.01
7359,246,0.01
7360,1164,0.01
7361,696,0.01
7362,489,0.01
7363,666,0.01
7364,426,0.01
7365,339,0.01
7366,492,0.01
7367,135,0.01
7368,201,0.01
7369,582,0.01
7370,282,0.01
7371,360,0.01
7372,519,0.01
7373,426,0.01
7374,471,0.01
7375,405,0.01
7376,492,0.01
7377,270,0.01
7378,225,0.01
7379,303,0.01
7380,582,0.01
7381,426,0.01
7382,354,0.01
7383,426,0.01
7384,270,0.01
7385,1059,0.01
7386,168,0.01
7387,168,0.01
7388,339,0.01
7389,990,0.01
7390,384,0.01
7391,471,0.01
7392,471,0.01
7393,312,0.01
7394,201,0.01
7395,405,0.01
7396,108,0.01
7397,159,0.01
7398,240,0.01
7399,456,0.01
7400,312,0.01
7401,165,0.01
7402,135,0.01
7403,426,0.01
7404,255,0.01
7405,762,0.01
7406,336,0.01
7407,354,0.01
7408,1449,0.01
7409,519,0.01
7410,480,0.01
7411,729,0.01
7412,189,0.01
7413,609,0.01
7414,318,0.01
7415,495,0.01
7416,753,0.01
7417,561,0.01
7418,681,0.01
7419,372,0.01
7420,432,0.01
7421,246,0.01
7422,192,0.01
7423,354,0.01
7424,339,0.01
7425,342,0.01
7426,354,0.01
7427,372,0.01
7428,423,0.01
7429,948,0.01
7430,270,0.01
7431,291,0.01
7432,135,0.01
7433,429,0.01
7434,246,0.01
7435,312,0.01
7436,426,0.01
7437,336,0.01
7438,321,0.01
7439,513,0.01
7440,471,0.01
7441,312,0.01
7442,354,0.01
7443,546,0.01
7444,270,0.01
7445,516,0.01
7446,168,0.01
7447,246,0.01
7448,90,0.01
7449,696,0.01
7450,357,0.01
7451,129,0.01
7452,405,0.01
7453,441,0.01
7454,303,0.01
7455,333,0.01
7456,168,0.01
7457,324,0.01
7458,303,0.01
7459,189,0.01
7460,168,0.01
7461,1467,0.01
7462,339,0.01
7463,201,0.01
7464,246,0.01
7465,1125,0.01
7466,132,0.01
7467,201,0.01
7468,255,0.01
7469,336,0.01
7470,432,0.01
7471,885,0.01
7472,201,0.01
7473,312,0.01
7474,585,0.01
7475,102,0.01
7476,168,0.01
7477,234,0.01
7478,429,0.01
7479,246,0.01
7480,423,0.01
7481,315,0.01
7482,495,0.01
7483,159,0.01
7484,249,0.01
7485,459,0.01
7486,168,0.01
7487,189,0.01
7488,786,0.01
7489,339,0.01
7490,282,0.01
7491,303,0.01
7492,297,0.01
7493,252,0.01
7494,159,0.01
7495,405,0.01
7496,168,0.01
7497,390,0.01
7498,168,0.01
7499,315,0.01
7500,168,0.01
7501,246,0.01
7502,303,0.01
7503,231,0.01
7504,282,0.01
7505,309,0.01
7506,312,0.01
7507,246,0.01
7508,405,0.01
7509,234,0.01
7510,201,0.01
7511,246,0.01
7512,471,0.01
7513,414,0.01
7514,1146,0.01
7515,402,0.01
7516,1398,0.01
7517,279,0.01
7518,360,0.01
7519,375,0.01
7520,282,0.01
7521,552,0.01
7522,225,0.01
7523,297,0.01
7524,636,0.01
7525,531,0.01
7526,462,0.01
7527,303,0.01
7528,441,0.01
7529,192,0.01
7530,201,0.01
7531,162,0.01
7532,132,0.01
7533,333,0.01
7534,282,0.01
7535,126,0.01
7536,282,0.01
7537,327,0.01
7538,270,0.01
7539,1350,0.01
7540,537,0.01
7541,201,0.01
7542,354,0.01
7543,312,0.01
7544,354,0.01
7545,246,0.01
7546,390,0.01
7547,675,0.01
7548,978,0.01
7549,153,0.01
7550,831,0.01
7551,336,0.01
7552,201,0.01
7553,159,0.01
7554,630,0.01
7555,495,0.01
7556,411,0.01
7557,405,0.01
7558,636,0.01
7559,783,0.01
7560,492,0.01
7561,246,0.01
7562,360,0.01
7563,663,0.01
7564,579,0.01
7565,354,0.01
7566,591,0.01
7567,291,0.01
7568,135,0.01
7569,300,0.01
7570,549,0.01
7571,264,0.01
7572,369,0.01
7573,336,0.01
7574,201,0.01
7575,255,0.01
7576,282,0.01
7577,426,0.01
7578,339,0.01
7579,960,0.01
7580,303,0.01
7581,438,0.01
7582,177,0.01
7583,762,0.01
7584,315,0.01
7585,405,0.01
7586,246,0.01
7587,255,0.01
7588,573,0.01
7589,246,0.01
7590,126,0.01
7591,462,0.01
7592,255,0.01
7593,336,0.01
7594,609,0.01
7595,525,0.01
7596,258,0.01
7597,405,0.01
7598,192,0.01
7599,192,0.01
7600,135,0.01
7601,471,0.01
7602,201,0.01
7603,369,0.01
7604,321,0.01
7605,282,0.01
7606,90,0.01
7607,168,0.01
7608,201,0.01
7609,135,0.01
7610,486,0.01
7611,405,0.01
7612,312,0.01
7613,306,0.01
7614,378,0.01
7615,300,0.01
7616,303,0.01
7617,540,0.01
7618,165,0.01
7619,189,0.01
7620,246,0.01
7621,270,0.01
7622,105,0.01
7623,414,0.01
7624,846,0.01
7625,189,0.01
7626,90,0.01
7627,672,0.01
7628,255,0.01
7629,165,0.01
7630,156,0.01
7631,585,0.01
7632,426,0.01
7633,249,0.01
7634,153,0.01
7635,246,0.01
7636,168,0.01
7637,1011,0.01
7638,414,0.01
7639,438,0.01
7640,219,0.01
7641,291,0.01
7642,219,0.01
7643,366,0.01
7644,270,0.01
7645,675,0.01
7646,282,0.01
7647,462,0.01
7648,288,0.01
7649,315,0.01
7650,339,0.01
7651,660,0.01
7652,534,0.01
7653,300,0.01
7654,246,0.01
7655,252,0.01
7656,168,0.01
7657,414,0.01
7658,234,0.01
7659,192,0.01
7660,357,0.01
7661,249,0.01
7662,336,0.01
7663,588,0.01
7664,291,0.01
7665,162,0.01
7666,294,0.01
7667,570,0.01
7668,540,0.01
7669,360,0.01
7670,189,0.01
7671,396,0.01
7672,390,0.01
7673,192,0.01
7674,339,0.01
7675,357,0.01
7676,168,0.01
7677,507,0.01
7678,132,0.01
7679,156,0.01
7680,201,0.01
7681,471,0.01
7682,75,0.01
7683,462,0.01
7684,339,0.01
7685,159,0.01
7686,150,0.01
7687,246,0.01
7688,270,0.01
7689,324,0.01
7690,426,0.01
7691,168,0.01
7692,123,0.01
7693,468,0.01
7694,480,0.01
7695,291,0.01
7696,255,0.01
7697,192,0.01
7698,189,0.01
7699,246,0.01
7700,696,0.01
7701,609,0.01
7702,393,0.01
7703,144,0.01
7704,324,0.01
7705,267,0.01
7706,285,0.01
7707,483,0.01
7708,807,0.01
7709,867,0.01
7710,168,0.01
7711,189,0.01
7712,762,0.01
7713,609,0.01
7714,213,0.01
7715,246,0.01
7716,246,0.01
7717,405,0.01
7718,294,0.01
7719,369,0.01
